"MonitoringStation","EventId","Cruise","Program","Project","Agency","Source","Station","SampleDate","SampleTime","TotalDepth","UpperPycnocline","LowerPycnocline","Depth","Layer","SampleType","SampleReplicateType","Parameter","Qualifier","MeasureValue","Unit","Method","Lab","Problem","PrecisionPC","BiasPC","Details","Latitude","Longitude","TierLevel","Year"
"WQN0273",15157,"BAY432","NTWQM","NTN","SRBC","SRBC","WQN0273",2006-01-11,"11:00:00",NA,NA,NA,0,"I ","HVIC","S1","TN","",9.34,"MG/L","L01 ","PADEP","",NA,"","",39.94649,-76.36774,"T3",2006
"WQN0273",15253,"BAY432","NTWQM","NTN","SRBC","SRBC","WQN0273",2006-01-18,"11:40:00",NA,NA,NA,0,"I ","HVIC","S1","TN","",8.65,"MG/L","L01 ","PADEP","",NA,"","",39.94649,-76.36774,"T3",2006
"WQN0273",15268,"BAY432","NTWQM","NTN","SRBC","SRBC","WQN0273",2006-01-19,"08:15:00",NA,NA,NA,0,"I ","HVIC","S1","TN","",4.9,"MG/L","L01 ","PADEP","",NA,"","",39.94649,-76.36774,"T3",2006
"WQN0273",15303,"BAY432","NTWQM","NTN","SRBC","SRBC","WQN0273",2006-01-20,"10:00:00",NA,NA,NA,0,"I ","HVIC","S1","TN","",6.78,"MG/L","L01 ","PADEP","",NA,"","",39.94649,-76.36774,"T3",2006
"WQN0273",15311,"BAY432","NTWQM","NTN","SRBC","SRBC","WQN0273",2006-01-21,"10:00:00",NA,NA,NA,0,"I ","HVIC","S1","TN","",8.22,"MG/L","L01 ","PADEP","",NA,"","",39.94649,-76.36774,"T3",2006
"WQN0273",15317,"BAY432","NTWQM","NTN","SRBC","SRBC","WQN0273",2006-01-22,"10:00:00",NA,NA,NA,0,"I ","HVIC","S1","TN","",8.71,"MG/L","L01 ","PADEP","",NA,"","",39.94649,-76.36774,"T3",2006
"WQN0273",15572,"BAY433","NTWQM","NTN","SRBC","SRBC","WQN0273",2006-02-14,"12:15:00",NA,NA,NA,0,"I ","HVIC","S1","TN","",9.22,"MG/L","L01 ","PADEP","",NA,"","",39.94649,-76.36774,"T3",2006
"WQN0273",15680,"BAY433","NTWQM","NTN","SRBC","SRBC","WQN0273",2006-02-28,"12:15:00",NA,NA,NA,0,"I ","HVIC","S1","TN","",9.65,"MG/L","L01 ","PADEP","",NA,"","",39.94649,-76.36774,"T3",2006
"WQN0273",15856,"BAY434","NTWQM","NTN","SRBC","SRBC","WQN0273",2006-03-08,"11:45:00",NA,NA,NA,0,"I ","HVIC","S1","TN","",9.01,"MG/L","L01 ","PADEP","",NA,"","",39.94649,-76.36774,"T3",2006
"WQN0273",16112,"BAY434","NTWQM","NTN","SRBC","SRBC","WQN0273",2006-03-30,"14:00:00",NA,NA,NA,0,"I ","HVIC","S1","TN","",8.57,"MG/L","L01 ","PADEP","",NA,"","",39.94649,-76.36774,"T3",2006
"WQN0273",16375,"BAY436","NTWQM","NTN","SRBC","SRBC","WQN0273",2006-04-11,"10:45:00",NA,NA,NA,0,"I ","HVIC","S1","TN","",6.76,"MG/L","L01 ","PADEP","",NA,"","",39.94649,-76.36774,"T3",2006
"WQN0273",16804,"BAY436","NTWQM","NTN","SRBC","SRBC","WQN0273",2006-04-27,"09:15:00",NA,NA,NA,0,"I ","HVIC","S1","TN","",6.26,"MG/L","L01 ","PADEP","",NA,"","",39.94649,-76.36774,"T3",2006
"WQN0273",2463,"BAY438","NTWQM","NTN","SRBC","SRBC","WQN0273",2006-05-17,"12:00:00",NA,NA,NA,0,"I ","HVIC","S1","TN","",6.81,"MG/L","L01 ","PADEP","",NA,"","",39.94649,-76.36774,"T3",2006
"WQN0273",2769,"BAY438","NTWQM","NTN","SRBC","SRBC","WQN0273",2006-05-31,"13:30:00",NA,NA,NA,0,"I ","HVIC","S1","TN","",6.06,"MG/L","L01 ","PADEP","",NA,"","",39.94649,-76.36774,"T3",2006
"WQN0273",3122,"BAY440","NTWQM","NTN","SRBC","SRBC","WQN0273",2006-06-15,"12:00:00",NA,NA,NA,0,"I ","HVIC","S1","TN","",7.03,"MG/L","L01 ","PADEP","",NA,"","",39.94649,-76.36774,"T3",2006
"WQN0273",3400,"BAY440","NTWQM","NTN","SRBC","SRBC","WQN0273",2006-06-26,"12:30:00",NA,NA,NA,0,"I ","HVIC","S1","TN","",4.8,"MG/L","L01 ","PADEP","",NA,"","",39.94649,-76.36774,"T3",2006
"WQN0273",3418,"BAY440","NTWQM","NTN","SRBC","SRBC","WQN0273",2006-06-27,"09:30:00",NA,NA,NA,0,"I ","HVIC","S1","TN","",4.12,"MG/L","L01 ","PADEP","",NA,"","",39.94649,-76.36774,"T3",2006
"WQN0273",3508,"BAY440","NTWQM","NTN","SRBC","SRBC","WQN0273",2006-06-28,"13:45:00",NA,NA,NA,0,"I ","HVIC","S1","TN","",3.72,"MG/L","L01 ","PADEP","",NA,"","",39.94649,-76.36774,"T3",2006
"WQN0273",3556,"BAY440","NTWQM","NTN","SRBC","SRBC","WQN0273",2006-06-29,"11:10:00",NA,NA,NA,0,"I ","HVIC","S1","TN","",5.33,"MG/L","L01 ","PADEP","",NA,"","",39.94649,-76.36774,"T3",2006
"WQN0273",3959,"BAY442","NTWQM","NTN","SRBC","SRBC","WQN0273",2006-07-13,"11:30:00",NA,NA,NA,0,"I ","HVIC","S1","TN","",8.45,"MG/L","L01 ","PADEP","",NA,"","",39.94649,-76.36774,"T3",2006
"WQN0273",10646,"BAY442","NTWQM","NTN","SRBC","SRBC","WQN0273",2006-07-27,"14:00:00",NA,NA,NA,0,"I ","HVIC","S1","TN","",8.13,"MG/L","L01 ","PADEP","",NA,"","",39.94649,-76.36774,"T3",2006
"WQN0273",11117,"BAY444","NTWQM","NTN","SRBC","SRBC","WQN0273",2006-08-17,"13:00:00",NA,NA,NA,0,"I ","HVIC","S1","TN","",9.24,"MG/L","L01 ","PADEP","",NA,"","",39.94649,-76.36774,"T3",2006
"WQN0273",11414,"BAY444","NTWQM","NTN","SRBC","SRBC","WQN0273",2006-08-30,"14:15:00",NA,NA,NA,0,"I ","HVIC","S1","TN","",6.09,"MG/L","L01 ","PADEP","",NA,"","",39.94649,-76.36774,"T3",2006
"WQN0273",11658,"BAY446","NTWQM","NTN","SRBC","SRBC","WQN0273",2006-09-12,"11:15:00",NA,NA,NA,0,"I ","HVIC","S1","TN","",7.67,"MG/L","L01 ","PADEP","",NA,"","",39.94649,-76.36774,"T3",2006
"WQN0273",12087,"BAY446","NTWQM","NTN","SRBC","SRBC","WQN0273",2006-09-28,"10:30:00",NA,NA,NA,0,"I ","HVIC","S1","TN","",7.49,"MG/L","L01 ","PADEP","",NA,"","",39.94649,-76.36774,"T3",2006
"WQN0273",12399,"BAY448","NTWQM","NTN","SRBC","SRBC","WQN0273",2006-10-12,"10:15:00",NA,NA,NA,0,"I ","HVIC","S1","TN","",7.44,"MG/L","L01 ","PADEP","",NA,"","",39.94649,-76.36774,"T3",2006
"WQN0273",19576,"BAY450","NTWQM","NTN","SRBC","SRBC","WQN0273",2006-11-15,"11:00:00",NA,NA,NA,0,"I ","HVIC","S1","TN","",7.29,"MG/L","L01 ","PADEP","",NA,"","",39.94649,-76.36774,"T3",2006
"WQN0273",19636,"BAY450","NTWQM","NTN","SRBC","SRBC","WQN0273",2006-11-17,"11:00:00",NA,NA,NA,0,"I ","HVIC","S1","TN","",4.49,"MG/L","L01 ","PADEP","",NA,"","",39.94649,-76.36774,"T3",2006
"WQN0273",19651,"BAY450","NTWQM","NTN","SRBC","SRBC","WQN0273",2006-11-18,"08:30:00",NA,NA,NA,0,"I ","HVIC","S1","TN","",5.54,"MG/L","L01 ","PADEP","",NA,"","",39.94649,-76.36774,"T3",2006
"WQN0273",19737,"BAY450","NTWQM","NTN","SRBC","SRBC","WQN0273",2006-11-30,"10:45:00",NA,NA,NA,0,"I ","HVIC","S1","TN","",9.1,"MG/L","L01 ","PADEP","",NA,"","",39.94649,-76.36774,"T3",2006
"WQN0273",20044,"BAY451","NTWQM","NTN","SRBC","SRBC","WQN0273",2006-12-14,"12:00:00",NA,NA,NA,0,"I ","HVIC","S1","TN","",9.02,"MG/L","L01 ","PADEP","",NA,"","",39.94649,-76.36774,"T3",2006
"WQN0273",20094,"BAY451","NTWQM","NTN","SRBC","SRBC","WQN0273",2006-12-27,"14:45:00",NA,NA,NA,0,"I ","HVIC","S1","TN","",6.9,"MG/L","L01 ","PADEP","",NA,"","",39.94649,-76.36774,"T3",2006
"WQN0273",649192,"NTN007","NTWQM","NTN","PADEP","SRBC","WQN0273",2007-01-18,"12:15:00",NA,NA,NA,0,"VH","HVIC","S1","TN","",8.66,"MG/L","L01 ","PADEP","",NA,"","nan",39.94649,-76.36774,"T3",2007
"WQN0273",649193,"NTN007","NTWQM","NTN","PADEP","SRBC","WQN0273",2007-01-31,"14:20:00",NA,NA,NA,0,"VH","HVIC","S1","TN","",9.09,"MG/L","L01 ","PADEP","",NA,"","nan",39.94649,-76.36774,"T3",2007
"WQN0273",649194,"NTN007","NTWQM","NTN","PADEP","SRBC","WQN0273",2007-02-27,"12:00:00",NA,NA,NA,0,"VH","HVIC","S1","TN","",7.95,"MG/L","L01 ","PADEP","",NA,"","nan",39.94649,-76.36774,"T3",2007
"WQN0273",649195,"NTN007","NTWQM","NTN","PADEP","SRBC","WQN0273",2007-03-03,"10:30:00",NA,NA,NA,0,"VH","HVIC","S1","TN","",3.83,"MG/L","L01 ","PADEP","",NA,"","nan",39.94649,-76.36774,"T3",2007
"WQN0273",649196,"NTN007","NTWQM","NTN","PADEP","SRBC","WQN0273",2007-03-12,"10:45:00",NA,NA,NA,0,"VH","HVIC","S1","TN","",7.64,"MG/L","L01 ","PADEP","",NA,"","nan",39.94649,-76.36774,"T3",2007
"WQN0273",649197,"NTN007","NTWQM","NTN","PADEP","SRBC","WQN0273",2007-04-10,"13:00:00",NA,NA,NA,0,"VH","HVIC","S1","TN","",7.83,"MG/L","L01 ","PADEP","",NA,"","nan",39.94649,-76.36774,"T3",2007
"WQN0273",649198,"NTN007","NTWQM","NTN","PADEP","SRBC","WQN0273",2007-04-16,"13:00:00",NA,NA,NA,0,"VH","HVIC","S1","TN","",3.93,"MG/L","L01 ","PADEP","",NA,"","nan",39.94649,-76.36774,"T3",2007
"WQN0273",649199,"NTN007","NTWQM","NTN","PADEP","SRBC","WQN0273",2007-04-26,"13:30:00",NA,NA,NA,0,"VH","HVIC","S1","TN","",7.64,"MG/L","L01 ","PADEP","",NA,"","nan",39.94649,-76.36774,"T3",2007
"WQN0273",649200,"NTN007","NTWQM","NTN","PADEP","SRBC","WQN0273",2007-05-16,"11:30:00",NA,NA,NA,0,"VH","HVIC","S1","TN","",7.59,"MG/L","L01 ","PADEP","",NA,"","nan",39.94649,-76.36774,"T3",2007
"WQN0273",649201,"NTN007","NTWQM","NTN","PADEP","SRBC","WQN0273",2007-05-31,"12:00:00",NA,NA,NA,0,"VH","HVIC","S1","TN","",6.66,"MG/L","L01 ","PADEP","",NA,"","nan",39.94649,-76.36774,"T3",2007
"WQN0273",649202,"NTN007","NTWQM","NTN","PADEP","SRBC","WQN0273",2007-06-13,"08:30:00",NA,NA,NA,0,"VH","HVIC","S1","TN","",6.23,"MG/L","L01 ","PADEP","",NA,"","nan",39.94649,-76.36774,"T3",2007
"WQN0273",649203,"NTN007","NTWQM","NTN","PADEP","SRBC","WQN0273",2007-06-25,"09:45:00",NA,NA,NA,0,"VH","HVIC","S1","TN","",6.39,"MG/L","L01 ","PADEP","",NA,"","nan",39.94649,-76.36774,"T3",2007
"WQN0273",649204,"NTN007","NTWQM","NTN","PADEP","SRBC","WQN0273",2007-07-11,"08:40:00",NA,NA,NA,0,"VH","HVIC","S1","TN","",6.12,"MG/L","L01 ","PADEP","",NA,"","nan",39.94649,-76.36774,"T3",2007
"WQN0273",649205,"NTN007","NTWQM","NTN","PADEP","SRBC","WQN0273",2007-07-26,"08:45:00",NA,NA,NA,0,"VH","HVIC","S1","TN","",6.95,"MG/L","L01 ","PADEP","",NA,"","nan",39.94649,-76.36774,"T3",2007
"WQN0273",649206,"NTN007","NTWQM","NTN","PADEP","SRBC","WQN0273",2007-08-15,"09:50:00",NA,NA,NA,0,"VH","HVIC","S1","TN","",6.2,"MG/L","L01 ","PADEP","",NA,"","nan",39.94649,-76.36774,"T3",2007
"WQN0273",649207,"NTN007","NTWQM","NTN","PADEP","SRBC","WQN0273",2007-08-21,"11:15:00",NA,NA,NA,0,"VH","HVIC","S1","TN","",4.77,"MG/L","L01 ","PADEP","",NA,"","nan",39.94649,-76.36774,"T3",2007
"WQN0273",649208,"NTN007","NTWQM","NTN","PADEP","SRBC","WQN0273",2007-08-29,"09:35:00",NA,NA,NA,0,"VH","HVIC","S1","TN","",4.87,"MG/L","L01 ","PADEP","",NA,"","nan",39.94649,-76.36774,"T3",2007
"WQN0273",649209,"NTN007","NTWQM","NTN","PADEP","SRBC","WQN0273",2007-09-11,"10:15:00",NA,NA,NA,0,"VH","HVIC","S1","TN","",6.54,"MG/L","L01 ","PADEP","",NA,"","nan",39.94649,-76.36774,"T3",2007
"WQN0273",649210,"NTN007","NTWQM","NTN","PADEP","SRBC","WQN0273",2007-09-25,"07:30:00",NA,NA,NA,0,"VH","HVIC","S1","TN","",7.66,"MG/L","L01 ","PADEP","",NA,"","nan",39.94649,-76.36774,"T3",2007
"WQN0273",649211,"NTN008","NTWQM","NTN","PADEP","SRBC","WQN0273",2007-10-09,"10:15:00",NA,NA,NA,0,"VH","HVIC","S1","TN","",7.05,"MG/L","L01 ","PADEP","",NA,"","nan",39.94649,-76.36774,"T3",2007
"WQN0273",649212,"NTN008","NTWQM","NTN","PADEP","SRBC","WQN0273",2007-10-27,"12:15:00",NA,NA,NA,0,"VH","HVIC","S1","TN","",4.04,"MG/L","L01 ","PADEP","",NA,"","nan",39.94649,-76.36774,"T3",2007
"WQN0273",649213,"NTN008","NTWQM","NTN","PADEP","SRBC","WQN0273",2007-10-28,"11:45:00",NA,NA,NA,0,"VH","HVIC","S1","TN","",4.15,"MG/L","L01 ","PADEP","",NA,"","nan",39.94649,-76.36774,"T3",2007
"WQN0273",649214,"NTN008","NTWQM","NTN","PADEP","SRBC","WQN0273",2007-11-14,"10:00:00",NA,NA,NA,0,"VH","HVIC","S1","TN","",7.51,"MG/L","L01 ","PADEP","",NA,"","nan",39.94649,-76.36774,"T3",2007
"WQN0273",649215,"NTN008","NTWQM","NTN","PADEP","SRBC","WQN0273",2007-11-29,"07:50:00",NA,NA,NA,0,"VH","HVIC","S1","TN","",5.3,"MG/L","L01 ","PADEP","",NA,"","nan",39.94649,-76.36774,"T3",2007
"WQN0273",649216,"NTN008","NTWQM","NTN","PADEP","SRBC","WQN0273",2007-12-18,"11:00:00",NA,NA,NA,0,"VH","HVIC","S1","TN","",6.02,"MG/L","L01 ","PADEP","",NA,"","nan",39.94649,-76.36774,"T3",2007
"WQN0273",649217,"NTN008","NTWQM","NTN","PADEP","SRBC","WQN0273",2007-12-27,"09:55:00",NA,NA,NA,0,"VH","HVIC","S1","TN","",8.02,"MG/L","L01 ","PADEP","",NA,"","nan",39.94649,-76.36774,"T3",2007
"WQN0273",649218,"NTN008","NTWQM","NTN","PADEP","SRBC","WQN0273",2008-01-16,"14:30:00",NA,NA,NA,0,"VH","HVIC","S1","TN","",8.52,"MG/L","L01 ","PADEP","",NA,"","nan",39.94649,-76.36774,"T3",2008
"WQN0273",649219,"NTN008","NTWQM","NTN","PADEP","SRBC","WQN0273",2008-01-31,"10:00:00",NA,NA,NA,0,"VH","HVIC","S1","TN","",8.73,"MG/L","L01 ","PADEP","",NA,"","nan",39.94649,-76.36774,"T3",2008
"WQN0273",649220,"NTN008","NTWQM","NTN","PADEP","SRBC","WQN0273",2008-02-11,"13:30:00",NA,NA,NA,0,"VH","HVIC","S1","TN","",8.36,"MG/L","L01 ","PADEP","",NA,"","nan",39.94649,-76.36774,"T3",2008
"WQN0273",649221,"NTN008","NTWQM","NTN","PADEP","SRBC","WQN0273",2008-02-27,"13:45:00",NA,NA,NA,0,"VH","HVIC","S1","TN","",7.34,"MG/L","L01 ","PADEP","",NA,"","nan",39.94649,-76.36774,"T3",2008
"WQN0273",649222,"NTN008","NTWQM","NTN","PADEP","SRBC","WQN0273",2008-03-12,"10:00:00",NA,NA,NA,0,"VH","HVIC","S1","TN","",7.84,"MG/L","L01 ","PADEP","",NA,"","nan",39.94649,-76.36774,"T3",2008
"WQN0273",649223,"NTN008","NTWQM","NTN","PADEP","SRBC","WQN0273",2008-03-31,"13:15:00",NA,NA,NA,0,"VH","HVIC","S1","TN","",8.16,"MG/L","L01 ","PADEP","B ",NA,"","nan",39.94649,-76.36774,"T3",2008
"WQN0273",649224,"NTN008","NTWQM","NTN","PADEP","SRBC","WQN0273",2008-04-15,"14:30:00",NA,NA,NA,0,"VH","HVIC","S1","TN","",6.72,"MG/L","L01 ","PADEP","",NA,"","nan",39.94649,-76.36774,"T3",2008
"WQN0273",649225,"NTN008","NTWQM","NTN","PADEP","SRBC","WQN0273",2008-04-30,"11:45:00",NA,NA,NA,0,"VH","HVIC","S1","TN","",4.7,"MG/L","L01 ","PADEP","",NA,"","nan",39.94649,-76.36774,"T3",2008
"WQN0273",649226,"NTN008","NTWQM","NTN","PADEP","SRBC","WQN0273",2008-05-13,"12:45:00",NA,NA,NA,0,"VH","HVIC","S1","TN","",6.44,"MG/L","L01 ","PADEP","",NA,"","nan",39.94649,-76.36774,"T3",2008
"WQN0273",649227,"NTN008","NTWQM","NTN","PADEP","SRBC","WQN0273",2008-05-29,"11:45:00",NA,NA,NA,0,"VH","HVIC","S1","TN","",6.48,"MG/L","L01 ","PADEP","",NA,"","nan",39.94649,-76.36774,"T3",2008
"WQN0273",649228,"NTN008","NTWQM","NTN","PADEP","SRBC","WQN0273",2008-06-12,"13:30:00",NA,NA,NA,0,"VH","HVIC","S1","TN","",5.48,"MG/L","L01 ","PADEP","",NA,"","nan",39.94649,-76.36774,"T3",2008
"WQN0273",649229,"NTN008","NTWQM","NTN","PADEP","SRBC","WQN0273",2008-06-30,"13:00:00",NA,NA,NA,0,"VH","HVIC","S1","TN","",6.11,"MG/L","L01 ","PADEP","",NA,"","nan",39.94649,-76.36774,"T3",2008
"WQN0273",649230,"NTN008","NTWQM","NTN","PADEP","SRBC","WQN0273",2008-07-15,"13:45:00",NA,NA,NA,0,"VH","HVIC","S1","TN","",5.44,"MG/L","L01 ","PADEP","",NA,"","nan",39.94649,-76.36774,"T3",2008
"WQN0273",649231,"NTN008","NTWQM","NTN","PADEP","SRBC","WQN0273",2008-07-31,"14:30:00",NA,NA,NA,0,"VH","HVIC","S1","TN","",6.28,"MG/L","L01 ","PADEP","B ",NA,"","nan",39.94649,-76.36774,"T3",2008
"WQN0273",649232,"NTN008","NTWQM","NTN","PADEP","SRBC","WQN0273",2008-08-13,"12:45:00",NA,NA,NA,0,"VH","HVIC","S1","TN","",6.02,"MG/L","L01 ","PADEP","",NA,"","nan",39.94649,-76.36774,"T3",2008
"WQN0273",649233,"NTN008","NTWQM","NTN","PADEP","SRBC","WQN0273",2008-08-27,"13:30:00",NA,NA,NA,0,"VH","HVIC","S1","TN","",6.73,"MG/L","L01 ","PADEP","",NA,"","nan",39.94649,-76.36774,"T3",2008
"WQN0273",649234,"NTN008","NTWQM","NTN","PADEP","SRBC","WQN0273",2008-09-07,"09:00:00",NA,NA,NA,0,"VH","HVIC","S1","TN","",3.36,"MG/L","L01 ","PADEP","",NA,"","nan",39.94649,-76.36774,"T3",2008
"WQN0273",649235,"NTN008","NTWQM","NTN","PADEP","SRBC","WQN0273",2008-09-08,"13:45:00",NA,NA,NA,0,"VH","HVIC","S1","TN","",3.46,"MG/L","L01 ","PADEP","",NA,"","nan",39.94649,-76.36774,"T3",2008
"WQN0273",649236,"NTN008","NTWQM","NTN","PADEP","SRBC","WQN0273",2008-09-16,"13:15:00",NA,NA,NA,0,"VH","HVIC","S1","TN","",5.35,"MG/L","L01 ","PADEP","B ",NA,"","nan",39.94649,-76.36774,"T3",2008
"WQN0273",649237,"NTN008","NTWQM","NTN","PADEP","SRBC","WQN0273",2008-09-30,"13:30:00",NA,NA,NA,0,"VH","HVIC","S1","TN","",5.14,"MG/L","L01 ","PADEP","",NA,"","nan",39.94649,-76.36774,"T3",2008
"WQN0273",650263,"NTN009","NTWQM","NTN","PADEP","SRBC","WQN0273",2008-10-16,"13:00:00",0,NA,NA,0,"VH","HVIC","S1","TN","",6.65,"MG/L","L01 ","PADEP","",NA,"","nan",39.94649,-76.36774,"T3",2008
"WQN0273",650264,"NTN009","NTWQM","NTN","PADEP","SRBC","WQN0273",2008-10-29,"08:45:00",0,NA,NA,0,"VH","HVIC","S1","TN","",4.73,"MG/L","L01 ","PADEP","",NA,"","nan",39.94649,-76.36774,"T3",2008
"WQN0273",650265,"NTN009","NTWQM","NTN","PADEP","SRBC","WQN0273",2008-11-13,"12:15:00",0,NA,NA,0,"VH","HVIC","S1","TN","",6.53,"MG/L","L01 ","PADEP","",NA,"","nan",39.94649,-76.36774,"T3",2008
"WQN0273",650266,"NTN009","NTWQM","NTN","PADEP","SRBC","WQN0273",2008-11-24,"14:00:00",0,NA,NA,0,"VH","HVIC","S1","TN","",6.92,"MG/L","L01 ","PADEP","",NA,"","nan",39.94649,-76.36774,"T3",2008
"WQN0273",650267,"NTN009","NTWQM","NTN","PADEP","SRBC","WQN0273",2008-12-11,"11:00:00",0,NA,NA,0,"VH","HVIC","S1","TN","",6.13,"MG/L","L01 ","PADEP","",NA,"","nan",39.94649,-76.36774,"T3",2008
"WQN0273",650268,"NTN009","NTWQM","NTN","PADEP","SRBC","WQN0273",2008-12-12,"13:15:00",0,NA,NA,0,"VH","HVIC","S1","TN","",5.94,"MG/L","L01 ","PADEP","",NA,"","nan",39.94649,-76.36774,"T3",2008
"WQN0273",650269,"NTN009","NTWQM","NTN","PADEP","SRBC","WQN0273",2008-12-13,"17:15:00",0,NA,NA,0,"VH","HVIC","S1","TN","",4.9,"MG/L","L01 ","PADEP","",NA,"","nan",39.94649,-76.36774,"T3",2008
"WQN0273",650270,"NTN009","NTWQM","NTN","PADEP","SRBC","WQN0273",2008-12-30,"12:00:00",0,NA,NA,0,"VH","HVIC","S1","TN","",8.39,"MG/L","L01 ","PADEP","",NA,"","nan",39.94649,-76.36774,"T3",2008
"WQN0273",650271,"NTN009","NTWQM","NTN","PADEP","SRBC","WQN0273",2009-01-13,"13:45:00",0,NA,NA,0,"VH","HVIC","S1","TN","",8.47,"MG/L","L01 ","PADEP","",NA,"","nan",39.94649,-76.36774,"T3",2009
"WQN0273",650272,"NTN009","NTWQM","NTN","PADEP","SRBC","WQN0273",2009-01-29,"13:45:00",0,NA,NA,0,"VH","HVIC","S1","TN","",9.16,"MG/L","L01 ","PADEP","",NA,"","nan",39.94649,-76.36774,"T3",2009
"WQN0273",650273,"NTN009","NTWQM","NTN","PADEP","SRBC","WQN0273",2009-02-12,"09:30:00",0,NA,NA,0,"VH","HVIC","S1","TN","",7.5,"MG/L","L01 ","PADEP","",NA,"","nan",39.94649,-76.36774,"T3",2009
"WQN0273",650274,"NTN009","NTWQM","NTN","PADEP","SRBC","WQN0273",2009-02-26,"13:30:00",0,NA,NA,0,"VH","HVIC","S1","TN","",8.59,"MG/L","L01 ","PADEP","",NA,"","nan",39.94649,-76.36774,"T3",2009
"WQN0273",650275,"NTN009","NTWQM","NTN","PADEP","SRBC","WQN0273",2009-03-12,"11:30:00",0,NA,NA,0,"VH","HVIC","S1","TN","",7.75,"MG/L","L01 ","PADEP","",NA,"","nan",39.94649,-76.36774,"T3",2009
"WQN0273",650276,"NTN009","NTWQM","NTN","PADEP","SRBC","WQN0273",2009-04-01,"13:00:00",0,NA,NA,0,"VH","HVIC","S1","TN","",5.5,"MG/L","L01 ","PADEP","",NA,"","nan",39.94649,-76.36774,"T3",2009
"WQN0273",650277,"NTN009","NTWQM","NTN","PADEP","SRBC","WQN0273",2009-04-15,"13:00:00",0,NA,NA,0,"VH","HVIC","S1","TN","",6.28,"MG/L","L01 ","PADEP","",NA,"","nan",39.94649,-76.36774,"T3",2009
"WQN0273",650278,"NTN009","NTWQM","NTN","PADEP","SRBC","WQN0273",2009-04-29,"14:00:00",0,NA,NA,0,"VH","HVIC","S1","TN","",5.71,"MG/L","L01 ","PADEP","",NA,"","nan",39.94649,-76.36774,"T3",2009
"WQN0273",650279,"NTN009","NTWQM","NTN","PADEP","SRBC","WQN0273",2009-05-14,"13:00:00",0,NA,NA,0,"VH","HVIC","S1","TN","",7.16,"MG/L","L01 ","PADEP","",NA,"","nan",39.94649,-76.36774,"T3",2009
"WQN0273",650280,"NTN009","NTWQM","NTN","PADEP","SRBC","WQN0273",2009-05-27,"14:30:00",0,NA,NA,0,"VH","HVIC","S1","TN","",7.08,"MG/L","L01 ","PADEP","",NA,"","nan",39.94649,-76.36774,"T3",2009
"WQN0273",650281,"NTN009","NTWQM","NTN","PADEP","SRBC","WQN0273",2009-06-11,"13:00:00",0,NA,NA,0,"VH","HVIC","S1","TN","",5.72,"MG/L","L01 ","PADEP","",NA,"","nan",39.94649,-76.36774,"T3",2009
"WQN0273",650282,"NTN009","NTWQM","NTN","PADEP","SRBC","WQN0273",2009-06-25,"14:00:00",0,NA,NA,0,"VH","HVIC","S1","TN","",6.9,"MG/L","L01 ","PADEP","",NA,"","nan",39.94649,-76.36774,"T3",2009
"WQN0273",650283,"NTN009","NTWQM","NTN","PADEP","SRBC","WQN0273",2009-07-15,"12:30:00",0,NA,NA,0,"VH","HVIC","S1","TN","",5.38,"MG/L","L01 ","PADEP","",NA,"","nan",39.94649,-76.36774,"T3",2009
"WQN0273",650284,"NTN009","NTWQM","NTN","PADEP","SRBC","WQN0273",2009-08-11,"12:00:00",0,NA,NA,0,"VH","HVIC","S1","TN","",4.41,"MG/L","L01 ","PADEP","",NA,"","nan",39.94649,-76.36774,"T3",2009
"WQN0273",650285,"NTN009","NTWQM","NTN","PADEP","SRBC","WQN0273",2009-09-12,"10:00:00",0,NA,NA,0,"VH","HVIC","S1","TN","",5.36,"MG/L","L01 ","PADEP","",NA,"","nan",39.94649,-76.36774,"T3",2009
"WQN0273",650286,"NTN009","NTWQM","NTN","PADEP","SRBC","WQN0273",2009-09-14,"12:30:00",0,NA,NA,0,"VH","HVIC","S1","TN","",5.31,"MG/L","L01 ","PADEP","",NA,"","nan",39.94649,-76.36774,"T3",2009
"WQN0273",650287,"NTN009","NTWQM","NTN","PADEP","SRBC","WQN0273",2009-09-28,"13:30:00",0,NA,NA,0,"VH","HVIC","S1","TN","",6.35,"MG/L","L01 ","PADEP","",NA,"","nan",39.94649,-76.36774,"T3",2009
"WQN0273",650288,"NTN010","NTWQM","NTN","PADEP","SRBC","WQN0273",2009-10-18,"12:00:00",0,NA,NA,0,"VH","HVIC","S1","TN","",4.88,"MG/L","L01 ","PADEP","",NA,"","nan",39.94649,-76.36774,"T3",2009
"WQN0273",650289,"NTN010","NTWQM","NTN","PADEP","SRBC","WQN0273",2009-10-19,"13:00:00",0,NA,NA,0,"VH","HVIC","S1","TN","",5.27,"MG/L","L01 ","PADEP","",NA,"","nan",39.94649,-76.36774,"T3",2009
"WQN0273",650290,"NTN010","NTWQM","NTN","PADEP","SRBC","WQN0273",2009-10-28,"14:00:00",0,NA,NA,0,"VH","HVIC","S1","TN","",6.2,"MG/L","L01 ","PADEP","",NA,"","nan",39.94649,-76.36774,"T3",2009
"WQN0273",650291,"NTN010","NTWQM","NTN","PADEP","SRBC","WQN0273",2009-11-17,"14:00:00",0,NA,NA,0,"VH","HVIC","S1","TN","",8.46,"MG/L","L01 ","PADEP","",NA,"","nan",39.94649,-76.36774,"T3",2009
"WQN0273",650292,"NTN010","NTWQM","NTN","PADEP","SRBC","WQN0273",2009-11-30,"14:00:00",0,NA,NA,0,"VH","HVIC","S1","TN","",7.91,"MG/L","L01 ","PADEP","",NA,"","nan",39.94649,-76.36774,"T3",2009
"WQN0273",650293,"NTN010","NTWQM","NTN","PADEP","SRBC","WQN0273",2009-12-16,"13:00:00",0,NA,NA,0,"VH","HVIC","S1","TN","",7.45,"MG/L","L01 ","PADEP","",NA,"","nan",39.94649,-76.36774,"T3",2009
"WQN0273",650294,"NTN010","NTWQM","NTN","PADEP","SRBC","WQN0273",2009-12-30,"12:30:00",0,NA,NA,0,"VH","HVIC","S1","TN","",8.4,"MG/L","L01 ","PADEP","",NA,"","nan",39.94649,-76.36774,"T3",2009
"WQN0273",650295,"NTN010","NTWQM","NTN","PADEP","SRBC","WQN0273",2010-01-14,"12:30:00",0,NA,NA,0,"VH","HVIC","S1","TN","",8.96,"MG/L","L01 ","PADEP","",NA,"","nan",39.94649,-76.36774,"T3",2010
"WQN0273",650296,"NTN010","NTWQM","NTN","PADEP","SRBC","WQN0273",2010-01-25,"17:15:00",0,NA,NA,0,"VH","HVIC","S1","TN","",6.96,"MG/L","L01 ","PADEP","",NA,"","nan",39.94649,-76.36774,"T3",2010
"WQN0273",650297,"NTN010","NTWQM","NTN","PADEP","SRBC","WQN0273",2010-01-26,"13:30:00",0,NA,NA,0,"VH","HVIC","S1","TN","",5.41,"MG/L","L01 ","PADEP","",NA,"","nan",39.94649,-76.36774,"T3",2010
"WQN0273",650298,"NTN010","NTWQM","NTN","PADEP","SRBC","WQN0273",2010-02-22,"14:30:00",0,NA,NA,0,"VH","HVIC","S1","TN","",8.22,"MG/L","L01 ","PADEP","",NA,"","nan",39.94649,-76.36774,"T3",2010
"WQN0273",650299,"NTN010","NTWQM","NTN","PADEP","SRBC","WQN0273",2010-03-01,"14:30:00",0,NA,NA,0,"VH","HVIC","S1","TN","",7.54,"MG/L","L01 ","PADEP","",NA,"","nan",39.94649,-76.36774,"T3",2010
"WQN0273",650300,"NTN010","NTWQM","NTN","PADEP","SRBC","WQN0273",2010-03-15,"13:30:00",0,NA,NA,0,"VH","HVIC","S1","TN","",5.8,"MG/L","L01 ","PADEP","",NA,"","nan",39.94649,-76.36774,"T3",2010
"WQN0273",650301,"NTN010","NTWQM","NTN","PADEP","SRBC","WQN0273",2010-03-16,"12:30:00",0,NA,NA,0,"VH","HVIC","S1","TN","",6.99,"MG/L","L01 ","PADEP","",NA,"","nan",39.94649,-76.36774,"T3",2010
"WQN0273",650302,"NTN010","NTWQM","NTN","PADEP","SRBC","WQN0273",2010-03-31,"12:30:00",0,NA,NA,0,"VH","HVIC","S1","TN","",6,"MG/L","L01 ","PADEP","",NA,"","nan",39.94649,-76.36774,"T3",2010
"WQN0273",650303,"NTN010","NTWQM","NTN","PADEP","SRBC","WQN0273",2010-04-13,"10:30:00",0,NA,NA,0,"VH","HVIC","S1","TN","",8.28,"MG/L","L01 ","PADEP","",NA,"","nan",39.94649,-76.36774,"T3",2010
"WQN0273",650304,"NTN010","NTWQM","NTN","PADEP","SRBC","WQN0273",2010-04-29,"13:00:00",0,NA,NA,0,"VH","HVIC","S1","TN","",6.74,"MG/L","L01 ","PADEP","",NA,"","nan",39.94649,-76.36774,"T3",2010
"WQN0273",650305,"NTN010","NTWQM","NTN","PADEP","SRBC","WQN0273",2010-05-13,"14:00:00",0,NA,NA,0,"VH","HVIC","S1","TN","",7.52,"MG/L","L01 ","PADEP","",NA,"","nan",39.94649,-76.36774,"T3",2010
"WQN0273",650306,"NTN010","NTWQM","NTN","PADEP","SRBC","WQN0273",2010-05-26,"14:00:00",0,NA,NA,0,"VH","HVIC","S1","TN","",7.7,"MG/L","L01 ","PADEP","",NA,"","nan",39.94649,-76.36774,"T3",2010
"WQN0273",650307,"NTN010","NTWQM","NTN","PADEP","SRBC","WQN0273",2010-06-15,"13:00:00",0,NA,NA,0,"VH","HVIC","S1","TN","",6.63,"MG/L","L01 ","PADEP","",NA,"","nan",39.94649,-76.36774,"T3",2010
"WQN0273",650308,"NTN010","NTWQM","NTN","PADEP","SRBC","WQN0273",2010-06-30,"14:00:00",0,NA,NA,0,"VH","HVIC","S1","TN","",5.43,"MG/L","L01 ","PADEP","",NA,"","nan",39.94649,-76.36774,"T3",2010
"WQN0273",650309,"NTN010","NTWQM","NTN","PADEP","SRBC","WQN0273",2010-07-12,"11:30:00",0,NA,NA,0,"VH","HVIC","S1","TN","",5.03,"MG/L","L01 ","PADEP","",NA,"","nan",39.94649,-76.36774,"T3",2010
"WQN0273",650310,"NTN010","NTWQM","NTN","PADEP","SRBC","WQN0273",2010-07-29,"14:00:00",0,NA,NA,0,"VH","HVIC","S1","TN","",6.26,"MG/L","L01 ","PADEP","",NA,"","nan",39.94649,-76.36774,"T3",2010
"WQN0273",650311,"NTN010","NTWQM","NTN","PADEP","SRBC","WQN0273",2010-08-16,"08:30:00",0,NA,NA,0,"VH","HVIC","S1","TN","",6.81,"MG/L","L01 ","PADEP","",NA,"","nan",39.94649,-76.36774,"T3",2010
"WQN0273",650312,"NTN010","NTWQM","NTN","PADEP","SRBC","WQN0273",2010-08-30,"14:30:00",0,NA,NA,0,"VH","HVIC","S1","TN","",7.14,"MG/L","L01 ","PADEP","",NA,"","nan",39.94649,-76.36774,"T3",2010
"WQN0273",650313,"NTN010","NTWQM","NTN","PADEP","SRBC","WQN0273",2010-09-15,"12:00:00",0,NA,NA,0,"VH","HVIC","S1","TN","",7.17,"MG/L","L01 ","PADEP","",NA,"","nan",39.94649,-76.36774,"T3",2010
"WQN0273",650314,"NTN010","NTWQM","NTN","PADEP","SRBC","WQN0273",2010-09-30,"15:00:00",0,NA,NA,0,"VH","HVIC","S1","TN","",5.4,"MG/L","L01 ","PADEP","",NA,"","nan",39.94649,-76.36774,"T3",2010
"WQN0273",650315,"NTN011","NTWQM","NTN","PADEP","SRBC","WQN0273",2010-10-01,"12:45:00",0,NA,NA,0,"VH","HVIC","S1","TN","",4.26,"MG/L","L01 ","PADEP","",NA,"","nan",39.94649,-76.36774,"T3",2010
"WQN0273",650316,"NTN011","NTWQM","NTN","PADEP","SRBC","WQN0273",2010-10-14,"08:30:00",0,NA,NA,0,"VH","HVIC","S1","TN","",8.57,"MG/L","L01 ","PADEP","",NA,"","nan",39.94649,-76.36774,"T3",2010
"WQN0273",650317,"NTN011","NTWQM","NTN","PADEP","SRBC","WQN0273",2010-10-26,"07:30:00",0,NA,NA,0,"VH","HVIC","S1","TN","",8.65,"MG/L","L01 ","PADEP","",NA,"","nan",39.94649,-76.36774,"T3",2010
"WQN0273",650318,"NTN011","NTWQM","NTN","PADEP","SRBC","WQN0273",2010-11-15,"12:30:00",0,NA,NA,0,"VH","HVIC","S1","TN","",8.22,"MG/L","L01 ","PADEP","",NA,"","nan",39.94649,-76.36774,"T3",2010
"WQN0273",650319,"NTN011","NTWQM","NTN","PADEP","SRBC","WQN0273",2010-11-30,"07:30:00",0,NA,NA,0,"VH","HVIC","S1","TN","",8.08,"MG/L","L01 ","PADEP","",NA,"","nan",39.94649,-76.36774,"T3",2010
"WQN0273",650320,"NTN011","NTWQM","NTN","PADEP","SRBC","WQN0273",2010-12-02,"10:00:00",0,NA,NA,0,"VH","HVIC","S1","TN","",6.43,"MG/L","L01 ","PADEP","",NA,"","nan",39.94649,-76.36774,"T3",2010
"WQN0273",650321,"NTN011","NTWQM","NTN","PADEP","SRBC","WQN0273",2010-12-03,"11:30:00",0,NA,NA,0,"VH","HVIC","S1","TN","",5.1,"MG/L","L01 ","PADEP","",NA,"","nan",39.94649,-76.36774,"T3",2010
"WQN0273",650322,"NTN011","NTWQM","NTN","PADEP","SRBC","WQN0273",2010-12-15,"09:30:00",0,NA,NA,0,"VH","HVIC","S1","TN","",5.85,"MG/L","L01 ","PADEP","",NA,"","nan",39.94649,-76.36774,"T3",2010
"WQN0273",650323,"NTN011","NTWQM","NTN","PADEP","SRBC","WQN0273",2010-12-29,"10:30:00",0,NA,NA,0,"VH","HVIC","S1","TN","",9.26,"MG/L","L01 ","PADEP","",NA,"","nan",39.94649,-76.36774,"T3",2010
"WQN0273",650324,"NTN011","NTWQM","NTN","PADEP","SRBC","WQN0273",2011-01-20,"08:30:00",0,NA,NA,0,"VH","HVIC","S1","TN","",8.42,"MG/L","L01 ","PADEP","",NA,"","nan",39.94649,-76.36774,"T3",2011
"WQN0273",650325,"NTN011","NTWQM","NTN","PADEP","SRBC","WQN0273",2011-01-31,"10:30:00",0,NA,NA,0,"VH","HVIC","S1","TN","",8.42,"MG/L","L01 ","PADEP","",NA,"","nan",39.94649,-76.36774,"T3",2011
"WQN0273",650326,"NTN011","NTWQM","NTN","PADEP","SRBC","WQN0273",2011-02-16,"10:00:00",0,NA,NA,0,"VH","HVIC","S1","TN","",6.72,"MG/L","L01 ","PADEP","",NA,"","nan",39.94649,-76.36774,"T3",2011
"WQN0273",650327,"NTN011","NTWQM","NTN","PADEP","SRBC","WQN0273",2011-03-01,"11:30:00",0,NA,NA,0,"VH","HVIC","S1","TN","",6.5,"MG/L","L01 ","PADEP","",NA,"","nan",39.94649,-76.36774,"T3",2011
"WQN0273",650328,"NTN011","NTWQM","NTN","PADEP","SRBC","WQN0273",2011-03-07,"15:30:00",0,NA,NA,0,"VH","HVIC","S1","TN","",5.09,"MG/L","L01 ","PADEP","",NA,"","nan",39.94649,-76.36774,"T3",2011
"WQN0273",650329,"NTN011","NTWQM","NTN","PADEP","SRBC","WQN0273",2011-03-08,"09:30:00",0,NA,NA,0,"VH","HVIC","S1","TN","",4.73,"MG/L","L01 ","PADEP","",NA,"","nan",39.94649,-76.36774,"T3",2011
"WQN0273",650330,"NTN011","NTWQM","NTN","PADEP","SRBC","WQN0273",2011-03-11,"15:30:00",0,NA,NA,0,"VH","HVIC","S1","TN","",4.39,"MG/L","L01 ","PADEP","",NA,"","nan",39.94649,-76.36774,"T3",2011
"WQN0273",650331,"NTN011","NTWQM","NTN","PADEP","SRBC","WQN0273",2011-03-12,"09:00:00",0,NA,NA,0,"VH","HVIC","S1","TN","",5.49,"MG/L","L01 ","PADEP","",NA,"","nan",39.94649,-76.36774,"T3",2011
"WQN0273",650332,"NTN011","NTWQM","NTN","PADEP","SRBC","WQN0273",2011-03-13,"11:00:00",0,NA,NA,0,"VH","HVIC","S1","TN","",6.95,"MG/L","L01 ","PADEP","",NA,"","nan",39.94649,-76.36774,"T3",2011
"WQN0273",650333,"NTN011","NTWQM","NTN","PADEP","SRBC","WQN0273",2011-03-15,"12:30:00",0,NA,NA,0,"VH","HVIC","S1","TN","",7.84,"MG/L","L01 ","PADEP","",NA,"","nan",39.94649,-76.36774,"T3",2011
"WQN0273",650334,"NTN011","NTWQM","NTN","PADEP","SRBC","WQN0273",2011-03-31,"11:30:00",0,NA,NA,0,"VH","HVIC","S1","TN","",7.87,"MG/L","L01 ","PADEP","",NA,"","nan",39.94649,-76.36774,"T3",2011
"WQN0273",650335,"NTN011","NTWQM","NTN","PADEP","SRBC","WQN0273",2011-04-18,"11:30:00",0,NA,NA,0,"VH","HVIC","S1","TN","",4.92,"MG/L","L01 ","PADEP","",NA,"","nan",39.94649,-76.36774,"T3",2011
"WQN0273",650336,"NTN011","NTWQM","NTN","PADEP","SRBC","WQN0273",2011-04-26,"10:00:00",0,NA,NA,0,"VH","HVIC","S1","TN","",5.35,"MG/L","L01 ","PADEP","",NA,"","nan",39.94649,-76.36774,"T3",2011
"WQN0273",650337,"NTN011","NTWQM","NTN","PADEP","SRBC","WQN0273",2011-05-16,"13:00:00",0,NA,NA,0,"VH","HVIC","S1","TN","",7.18,"MG/L","L01 ","PADEP","",NA,"","nan",39.94649,-76.36774,"T3",2011
"WQN0273",650338,"NTN011","NTWQM","NTN","PADEP","SRBC","WQN0273",2011-05-20,"17:00:00",0,NA,NA,0,"VH","HVIC","S1","TN","",6.01,"MG/L","L01 ","PADEP","",NA,"","nan",39.94649,-76.36774,"T3",2011
"WQN0273",650339,"NTN011","NTWQM","NTN","PADEP","SRBC","WQN0273",2011-06-20,"12:00:00",0,NA,NA,0,"VH","HVIC","S1","TN","",7.95,"MG/L","L01 ","PADEP","B ",NA,"","nan",39.94649,-76.36774,"T3",2011
"WQN0273",650340,"NTN011","NTWQM","NTN","PADEP","SRBC","WQN0273",2011-06-30,"14:00:00",0,NA,NA,0,"VH","HVIC","S1","TN","",8.04,"MG/L","L01 ","PADEP","",NA,"","nan",39.94649,-76.36774,"T3",2011
"WQN0273",650341,"NTN011","NTWQM","NTN","PADEP","SRBC","WQN0273",2011-07-14,"13:30:00",0,NA,NA,0,"VH","HVIC","S1","TN","",7.53,"MG/L","L01 ","PADEP","",NA,"","nan",39.94649,-76.36774,"T3",2011
"WQN0273",650342,"NTN011","NTWQM","NTN","PADEP","SRBC","WQN0273",2011-07-28,"11:30:00",0,NA,NA,0,"VH","HVIC","S1","TN","",7.41,"MG/L","L01 ","PADEP","",NA,"","nan",39.94649,-76.36774,"T3",2011
"WQN0273",650343,"NTN011","NTWQM","NTN","PADEP","SRBC","WQN0273",2011-08-15,"13:30:00",0,NA,NA,0,"VH","HVIC","S1","TN","",6.81,"MG/L","L01 ","PADEP","",NA,"","nan",39.94649,-76.36774,"T3",2011
"WQN0273",650344,"NTN011","NTWQM","NTN","PADEP","SRBC","WQN0273",2011-08-28,"16:30:00",0,NA,NA,0,"VH","HVIC","S1","TN","",6.82,"MG/L","L01 ","PADEP","",NA,"","nan",39.94649,-76.36774,"T3",2011
"WQN0273",650345,"NTN011","NTWQM","NTN","PADEP","SRBC","WQN0273",2011-08-29,"10:30:00",0,NA,NA,0,"VH","HVIC","S1","TN","",3.72,"MG/L","L01 ","PADEP","",NA,"","nan",39.94649,-76.36774,"T3",2011
"WQN0273",650346,"NTN011","NTWQM","NTN","PADEP","SRBC","WQN0273",2011-09-10,"19:30:00",0,NA,NA,0,"VH","HVIC","S1","TN","",6.81,"MG/L","L01 ","PADEP","",NA,"","nan",39.94649,-76.36774,"T3",2011
"WQN0273",650347,"NTN011","NTWQM","NTN","PADEP","SRBC","WQN0273",2011-09-12,"09:00:00",0,NA,NA,0,"VH","HVIC","S1","TN","",7.6,"MG/L","L01 ","PADEP","",NA,"","nan",39.94649,-76.36774,"T3",2011
"WQN0273",650348,"NTN011","NTWQM","NTN","PADEP","SRBC","WQN0273",2011-09-14,"16:00:00",0,NA,NA,0,"VH","HVIC","S1","TN","",7.99,"MG/L","L01 ","PADEP","",NA,"","nan",39.94649,-76.36774,"T3",2011
"WQN0273",650349,"NTN011","NTWQM","NTN","PADEP","SRBC","WQN0273",2011-09-15,"12:00:00",0,NA,NA,0,"VH","HVIC","S1","TN","",7.64,"MG/L","L01 ","PADEP","",NA,"","nan",39.94649,-76.36774,"T3",2011
"WQN0273",650350,"NTN011","NTWQM","NTN","PADEP","SRBC","WQN0273",2011-09-16,"11:30:00",0,NA,NA,0,"VH","HVIC","S1","TN","",6.4,"MG/L","L01 ","PADEP","",NA,"","nan",39.94649,-76.36774,"T3",2011
"WQN0273",650351,"NTN011","NTWQM","NTN","PADEP","SRBC","WQN0273",2011-09-19,"14:00:00",0,NA,NA,0,"VH","HVIC","S1","TN","",8.29,"MG/L","L01 ","PADEP","",NA,"","nan",39.94649,-76.36774,"T3",2011
"WQN0273",407358,"NTN012","NTWQM","NTN","PADEP","SRBC","WQN0273",2011-10-17,"10:30:00",NA,NA,NA,0,"VH","HVIC","S1","TN","",7.59,"MG/L","L01 ","PADEP","",NA,"","",39.94649,-76.36774,"T3",2011
"WQN0273",407359,"NTN012","NTWQM","NTN","PADEP","SRBC","WQN0273",2011-11-01,"10:30:00",NA,NA,NA,0,"VH","HVIC","S1","TN","",6,"MG/L","L01 ","PADEP","",NA,"","",39.94649,-76.36774,"T3",2011
"WQN0273",407360,"NTN012","NTWQM","NTN","PADEP","SRBC","WQN0273",2011-11-16,"12:30:00",NA,NA,NA,0,"VH","HVIC","S1","TN","",8.8,"MG/L","L01 ","PADEP","",NA,"","",39.94649,-76.36774,"T3",2011
"WQN0273",407361,"NTN012","NTWQM","NTN","PADEP","SRBC","WQN0273",2011-11-23,"14:30:00",NA,NA,NA,0,"VH","HVIC","S1","TN","",4.57,"MG/L","L01 ","PADEP","",NA,"","",39.94649,-76.36774,"T3",2011
"WQN0273",407362,"NTN012","NTWQM","NTN","PADEP","SRBC","WQN0273",2011-11-25,"10:00:00",NA,NA,NA,0,"VH","HVIC","S1","TN","",6.35,"MG/L","L01 ","PADEP","",NA,"","",39.94649,-76.36774,"T3",2011
"WQN0273",407363,"NTN012","NTWQM","NTN","PADEP","SRBC","WQN0273",2011-11-30,"14:00:00",NA,NA,NA,0,"VH","HVIC","S1","TN","",6.54,"MG/L","L01 ","PADEP","",NA,"","",39.94649,-76.36774,"T3",2011
"WQN0273",407364,"NTN012","NTWQM","NTN","PADEP","SRBC","WQN0273",2011-12-12,"13:30:00",NA,NA,NA,0,"VH","HVIC","S1","TN","",8.2,"MG/L","L01 ","PADEP","",NA,"","",39.94649,-76.36774,"T3",2011
"WQN0273",407365,"NTN012","NTWQM","NTN","PADEP","SRBC","WQN0273",2011-12-29,"13:30:00",NA,NA,NA,0,"VH","HVIC","S1","TN","",5.66,"MG/L","L01 ","PADEP","QQ",NA,"","",39.94649,-76.36774,"T3",2011
"WQN0273",407366,"NTN012","NTWQM","NTN","PADEP","SRBC","WQN0273",2012-01-19,"13:30:00",NA,NA,NA,0,"VH","HVIC","S1","TN","",7.94,"MG/L","L01 ","PADEP","QQ",NA,"","",39.94649,-76.36774,"T3",2012
"WQN0273",407367,"NTN012","NTWQM","NTN","PADEP","SRBC","WQN0273",2012-01-28,"13:30:00",NA,NA,NA,0,"VH","HVIC","S1","TN","",5.74,"MG/L","L01 ","PADEP","",NA,"","",39.94649,-76.36774,"T3",2012
"WQN0273",407368,"NTN012","NTWQM","NTN","PADEP","SRBC","WQN0273",2012-01-29,"12:00:00",NA,NA,NA,0,"VH","HVIC","S1","TN","",6.5,"MG/L","L01 ","PADEP","",NA,"","",39.94649,-76.36774,"T3",2012
"WQN0273",407369,"NTN012","NTWQM","NTN","PADEP","SRBC","WQN0273",2012-02-15,"14:30:00",NA,NA,NA,0,"VH","HVIC","S1","TN","",8.04,"MG/L","L01 ","PADEP","QQ",NA,"","",39.94649,-76.36774,"T3",2012
"WQN0273",407370,"NTN012","NTWQM","NTN","PADEP","SRBC","WQN0273",2012-02-28,"10:30:00",NA,NA,NA,0,"VH","HVIC","S1","TN","",7.79,"MG/L","L01 ","PADEP","QQ",NA,"","",39.94649,-76.36774,"T3",2012
"WQN0273",407371,"NTN012","NTWQM","NTN","PADEP","SRBC","WQN0273",2012-03-15,"13:30:00",NA,NA,NA,0,"VH","HVIC","S1","TN","",7.28,"MG/L","L01 ","PADEP","",NA,"","",39.94649,-76.36774,"T3",2012
"WQN0273",407372,"NTN012","NTWQM","NTN","PADEP","SRBC","WQN0273",2012-03-29,"10:30:00",NA,NA,NA,0,"VH","HVIC","S1","TN","",7.22,"MG/L","L01 ","PADEP","",NA,"","",39.94649,-76.36774,"T3",2012
"WQN0273",407373,"NTN012","NTWQM","NTN","PADEP","SRBC","WQN0273",2012-04-16,"11:30:00",NA,NA,NA,0,"VH","HVIC","S1","TN","",7.49,"MG/L","L01 ","PADEP","",NA,"","",39.94649,-76.36774,"T3",2012
"WQN0273",407374,"NTN012","NTWQM","NTN","PADEP","SRBC","WQN0273",2012-04-30,"14:00:00",NA,NA,NA,0,"VH","HVIC","FS1","TN","",6.73,"MG/L","L01 ","PADEP","",NA,"","",39.94649,-76.36774,"T3",2012
"WQN0273",407375,"NTN012","NTWQM","NTN","PADEP","SRBC","WQN0273",2012-05-14,"12:30:00",NA,NA,NA,0,"VH","HVIC","S1","TN","",6.09,"MG/L","L01 ","PADEP","",NA,"","",39.94649,-76.36774,"T3",2012
"WQN0273",407376,"NTN012","NTWQM","NTN","PADEP","SRBC","WQN0273",2012-05-16,"13:00:00",NA,NA,NA,0,"VH","HVIC","S1","TN","",5.15,"MG/L","L01 ","PADEP","",NA,"","",39.94649,-76.36774,"T3",2012
"WQN0273",407377,"NTN012","NTWQM","NTN","PADEP","SRBC","WQN0273",2012-05-17,"11:30:00",NA,NA,NA,0,"VH","HVIC","S1","TN","",4.52,"MG/L","L01 ","PADEP","",NA,"","",39.94649,-76.36774,"T3",2012
"WQN0273",407378,"NTN012","NTWQM","NTN","PADEP","SRBC","WQN0273",2012-05-31,"11:30:00",NA,NA,NA,0,"VH","HVIC","S1","TN","",5.62,"MG/L","L01 ","PADEP","QQ",NA,"","",39.94649,-76.36774,"T3",2012
"WQN0273",407379,"NTN012","NTWQM","NTN","PADEP","SRBC","WQN0273",2012-06-11,"12:00:00",NA,NA,NA,0,"VH","HVIC","S1","TN","",7.37,"MG/L","L01 ","PADEP","QQ",NA,"","",39.94649,-76.36774,"T3",2012
"WQN0273",407380,"NTN012","NTWQM","NTN","PADEP","SRBC","WQN0273",2012-06-27,"14:00:00",NA,NA,NA,0,"VH","HVIC","S1","TN","",7.02,"MG/L","L01 ","PADEP","QQ",NA,"","",39.94649,-76.36774,"T3",2012
"WQN0273",407381,"NTN012","NTWQM","NTN","PADEP","SRBC","WQN0273",2012-07-17,"09:00:00",NA,NA,NA,0,"VH","HVIC","S1","TN","",6.8,"MG/L","L01 ","PADEP","",NA,"","",39.94649,-76.36774,"T3",2012
"WQN0273",407382,"NTN012","NTWQM","NTN","PADEP","SRBC","WQN0273",2012-08-01,"13:30:00",NA,NA,NA,0,"VH","HVIC","S1","TN","",5.88,"MG/L","L01 ","PADEP","",NA,"","",39.94649,-76.36774,"T3",2012
"WQN0273",407383,"NTN012","NTWQM","NTN","PADEP","SRBC","WQN0273",2012-08-14,"10:45:00",NA,NA,NA,0,"VH","HVIC","S1","TN","",5.48,"MG/L","L01 ","PADEP","",NA,"","",39.94649,-76.36774,"T3",2012
"WQN0273",407384,"NTN012","NTWQM","NTN","PADEP","SRBC","WQN0273",2012-08-30,"09:00:00",NA,NA,NA,0,"VH","HVIC","FS1","TN","",6.44,"MG/L","L01 ","PADEP","",NA,"","",39.94649,-76.36774,"T3",2012
"WQN0273",407385,"NTN012","NTWQM","NTN","PADEP","SRBC","WQN0273",2012-09-05,"13:00:00",NA,NA,NA,0,"VH","HVIC","S1","TN","",4.98,"MG/L","L01 ","PADEP","",NA,"","",39.94649,-76.36774,"T3",2012
"WQN0273",407386,"NTN012","NTWQM","NTN","PADEP","SRBC","WQN0273",2012-09-19,"13:30:00",NA,NA,NA,0,"VH","HVIC","S1","TN","",5.52,"MG/L","L01 ","PADEP","",NA,"","",39.94649,-76.36774,"T3",2012
"WQN0273",407387,"NTN012","NTWQM","NTN","PADEP","SRBC","WQN0273",2012-09-20,"13:30:00",NA,NA,NA,0,"VH","HVIC","S1","TN","",3.7,"MG/L","L01 ","PADEP","",NA,"","",39.94649,-76.36774,"T3",2012
"WQN0273",408410,"NTN013","NTWQM","NTN","PADEP","SRBC","WQN0273",2012-10-01,"12:30:00",NA,NA,NA,0,"VH","HVIC","S1","TN","",6.84,"MG/L","L01 ","PADEP","QQ",NA,"","",39.94649,-76.36774,"T3",2012
"WQN0273",408411,"NTN013","NTWQM","NTN","PADEP","SRBC","WQN0273",2012-10-11,"13:30:00",NA,NA,NA,0,"VH","HVIC","S1","TN","",7.11,"MG/L","L01 ","PADEP","QQ",NA,"","",39.94649,-76.36774,"T3",2012
"WQN0273",408412,"NTN013","NTWQM","NTN","PADEP","SRBC","WQN0273",2012-10-31,"11:30:00",NA,NA,NA,0,"VH","HVIC","S1","TN","",5.12,"MG/L","L01 ","PADEP","",NA,"","",39.94649,-76.36774,"T3",2012
"WQN0273",408413,"NTN013","NTWQM","NTN","PADEP","SRBC","WQN0273",2012-11-01,"11:00:00",NA,NA,NA,0,"VH","HVIC","S1","TN","",5.77,"MG/L","L01 ","PADEP","",NA,"","",39.94649,-76.36774,"T3",2012
"WQN0273",408414,"NTN013","NTWQM","NTN","PADEP","SRBC","WQN0273",2012-11-02,"10:15:00",NA,NA,NA,0,"VH","HVIC","S1","TN","",NA,"MG/L","L01 ","PADEP","NQ",NA,"","6.92 MG/L",39.94649,-76.36774,"T3",2012
"WQN0273",408415,"NTN013","NTWQM","NTN","PADEP","SRBC","WQN0273",2012-11-03,"10:30:00",NA,NA,NA,0,"VH","HVIC","S1","TN","",7.42,"MG/L","L01 ","PADEP","QQ",NA,"","",39.94649,-76.36774,"T3",2012
"WQN0273",408416,"NTN013","NTWQM","NTN","PADEP","SRBC","WQN0273",2012-11-04,"12:00:00",NA,NA,NA,0,"VH","HVIC","S1","TN","",8.01,"MG/L","L01 ","PADEP","",NA,"","",39.94649,-76.36774,"T3",2012
"WQN0273",408417,"NTN013","NTWQM","NTN","PADEP","SRBC","WQN0273",2012-11-05,"09:30:00",NA,NA,NA,0,"VH","HVIC","S1","TN","",NA,"MG/L","L01 ","PADEP","NQ",NA,"","9.17 MG/L",39.94649,-76.36774,"T3",2012
"WQN0273",408418,"NTN013","NTWQM","NTN","PADEP","SRBC","WQN0273",2012-11-14,"13:30:00",NA,NA,NA,0,"VH","HVIC","S1","TN","",7.96,"MG/L","L01 ","PADEP","",NA,"","",39.94649,-76.36774,"T3",2012
"WQN0273",408419,"NTN013","NTWQM","NTN","PADEP","SRBC","WQN0273",2012-11-29,"14:00:00",NA,NA,NA,0,"VH","HVIC","S1","TN","",7.74,"MG/L","L01 ","PADEP","QQ",NA,"","",39.94649,-76.36774,"T3",2012
"WQN0273",408420,"NTN013","NTWQM","NTN","PADEP","SRBC","WQN0273",2012-12-13,"14:00:00",NA,NA,NA,0,"VH","HVIC","S1","TN","",NA,"MG/L","L01 ","PADEP","NQ",NA,"","7.2 MG/L",39.94649,-76.36774,"T3",2012
"WQN0273",408421,"NTN013","NTWQM","NTN","PADEP","SRBC","WQN0273",2012-12-31,"12:00:00",NA,NA,NA,0,"VH","HVIC","S1","TN","",7.23,"MG/L","L01 ","PADEP","",NA,"","",39.94649,-76.36774,"T3",2012
"WQN0273",408422,"NTN013","NTWQM","NTN","PADEP","SRBC","WQN0273",2013-01-14,"14:30:00",NA,NA,NA,0,"VH","HVIC","S1","TN","",6.987,"MG/L","L01 ","PADEP","",NA,"","",39.94649,-76.36774,"T3",2013
"WQN0273",408423,"NTN013","NTWQM","NTN","PADEP","SRBC","WQN0273",2013-01-30,"13:30:00",NA,NA,NA,0,"VH","HVIC","FS1","TN","",8.035,"MG/L","L01 ","PADEP","QQ",NA,"","",39.94649,-76.36774,"T3",2013
"WQN0273",408424,"NTN013","NTWQM","NTN","PADEP","SRBC","WQN0273",2013-01-31,"11:30:00",NA,NA,NA,0,"VH","HVIC","S1","TN","",5.143,"MG/L","L01 ","PADEP","",NA,"","",39.94649,-76.36774,"T3",2013
"WQN0273",408425,"NTN013","NTWQM","NTN","PADEP","SRBC","WQN0273",2013-02-01,"11:30:00",NA,NA,NA,0,"VH","HVIC","S1","TN","",4.851,"MG/L","L01 ","PADEP","",NA,"","",39.94649,-76.36774,"T3",2013
"WQN0273",408426,"NTN013","NTWQM","NTN","PADEP","SRBC","WQN0273",2013-02-14,"13:00:00",NA,NA,NA,0,"VH","HVIC","S1","TN","",7.249,"MG/L","L01 ","PADEP","",NA,"","",39.94649,-76.36774,"T3",2013
"WQN0273",408427,"NTN013","NTWQM","NTN","PADEP","SRBC","WQN0273",2013-02-28,"14:00:00",NA,NA,NA,0,"VH","HVIC","S1","TN","",7.139,"MG/L","L01 ","PADEP","",NA,"","",39.94649,-76.36774,"T3",2013
"WQN0273",408428,"NTN013","NTWQM","NTN","PADEP","SRBC","WQN0273",2013-03-13,"13:30:00",NA,NA,NA,0,"VH","HVIC","S1","TN","",4.49,"MG/L","L01 ","PADEP","",NA,"","",39.94649,-76.36774,"T3",2013
"WQN0273",408429,"NTN013","NTWQM","NTN","PADEP","SRBC","WQN0273",2013-04-01,"15:30:00",NA,NA,NA,0,"VH","HVIC","S1","TN","",7.218,"MG/L","L01 ","PADEP","QQ",NA,"","",39.94649,-76.36774,"T3",2013
"WQN0273",408430,"NTN013","NTWQM","NTN","PADEP","SRBC","WQN0273",2013-04-16,"12:30:00",NA,NA,NA,0,"VH","HVIC","S1","TN","",6.337,"MG/L","L01 ","PADEP","",NA,"","",39.94649,-76.36774,"T3",2013
"WQN0273",408431,"NTN013","NTWQM","NTN","PADEP","SRBC","WQN0273",2013-04-30,"15:00:00",NA,NA,NA,0,"VH","HVIC","FS1","TN","",6.31,"MG/L","L01 ","PADEP","",NA,"","",39.94649,-76.36774,"T3",2013
"WQN0273",408432,"NTN013","NTWQM","NTN","PADEP","SRBC","WQN0273",2013-05-14,"18:00:00",NA,NA,NA,0,"VH","HVIC","S1","TN","",5.274,"MG/L","L01 ","PADEP","",NA,"","",39.94649,-76.36774,"T3",2013
"WQN0273",408433,"NTN013","NTWQM","NTN","PADEP","SRBC","WQN0273",2013-05-29,"13:00:00",NA,NA,NA,0,"VH","HVIC","S1","TN","",6.722,"MG/L","L01 ","PADEP","",NA,"","",39.94649,-76.36774,"T3",2013
"WQN0273",408434,"NTN013","NTWQM","NTN","PADEP","SRBC","WQN0273",2013-06-08,"10:00:00",NA,NA,NA,0,"VH","HVIC","FS1","TN","",5.686,"MG/L","L01 ","PADEP","",NA,"","",39.94649,-76.36774,"T3",2013
"WQN0273",408435,"NTN013","NTWQM","NTN","PADEP","SRBC","WQN0273",2013-06-09,"15:00:00",NA,NA,NA,0,"VH","HVIC","S1","TN","",5.162,"MG/L","L01 ","PADEP","QQ",NA,"","",39.94649,-76.36774,"T3",2013
"WQN0273",408436,"NTN013","NTWQM","NTN","PADEP","SRBC","WQN0273",2013-06-17,"12:00:00",NA,NA,NA,0,"VH","HVIC","S1","TN","",6.776,"MG/L","L01 ","PADEP","",NA,"","",39.94649,-76.36774,"T3",2013
"WQN0273",408437,"NTN013","NTWQM","NTN","PADEP","SRBC","WQN0273",2013-06-25,"13:30:00",NA,NA,NA,0,"VH","HVIC","S1","TN","",NA,"MG/L","L01 ","PADEP","NQ",NA,"","7.199 MG/L",39.94649,-76.36774,"T3",2013
"WQN0273",408438,"NTN013","NTWQM","NTN","PADEP","SRBC","WQN0273",2013-07-16,"11:30:00",NA,NA,NA,0,"VH","HVIC","S1","TN","",5.721,"MG/L","L01 ","PADEP","",NA,"","",39.94649,-76.36774,"T3",2013
"WQN0273",408439,"NTN013","NTWQM","NTN","PADEP","SRBC","WQN0273",2013-08-01,"14:00:00",NA,NA,NA,0,"VH","HVIC","S1","TN","",6.517,"MG/L","L01 ","PADEP","",NA,"","",39.94649,-76.36774,"T3",2013
"WQN0273",408440,"NTN013","NTWQM","NTN","PADEP","SRBC","WQN0273",2013-08-19,"14:00:00",NA,NA,NA,0,"VH","HVIC","S1","TN","",6.936,"MG/L","L01 ","PADEP","QQ",NA,"","",39.94649,-76.36774,"T3",2013
"WQN0273",408441,"NTN013","NTWQM","NTN","PADEP","SRBC","WQN0273",2013-08-29,"12:00:00",NA,NA,NA,0,"VH","HVIC","FS1","TN","",6.946,"MG/L","L01 ","PADEP","",NA,"","",39.94649,-76.36774,"T3",2013
"WQN0273",408442,"NTN013","NTWQM","NTN","PADEP","SRBC","WQN0273",2013-09-12,"11:00:00",NA,NA,NA,0,"VH","HVIC","S1","TN","",7.181,"MG/L","L01 ","PADEP","",NA,"","",39.94649,-76.36774,"T3",2013
"WQN0273",408443,"NTN013","NTWQM","NTN","PADEP","SRBC","WQN0273",2013-09-24,"14:30:00",NA,NA,NA,0,"VH","HVIC","S1","TN","",6.676,"MG/L","L01 ","PADEP","QQ",NA,"","",39.94649,-76.36774,"T3",2013
"WQN0273",411669,"NTN014","NTWQM","NTN","PADEP","SRBC","WQN0273",2013-10-11,"10:00:00",NA,NA,NA,0,"VH","HVIC","S1","TN","",3.215,"MG/L","L01 ","PADEP","",NA,"","",39.94649,-76.36774,"T3",2013
"WQN0273",411670,"NTN014","NTWQM","NTN","PADEP","SRBC","WQN0273",2013-10-12,"08:00:00",NA,NA,NA,0,"VH","HVIC","S1","TN","",3.091,"MG/L","L01 ","PADEP","",NA,"","",39.94649,-76.36774,"T3",2013
"WQN0273",411671,"NTN014","NTWQM","NTN","PADEP","SRBC","WQN0273",2013-10-15,"15:30:00",NA,NA,NA,0,"VH","HVIC","S1","TN","",7.715,"MG/L","L01 ","PADEP","",NA,"","",39.94649,-76.36774,"T3",2013
"WQN0273",411672,"NTN014","NTWQM","NTN","PADEP","SRBC","WQN0273",2013-10-31,"15:30:00",NA,NA,NA,0,"VH","HVIC","S1","TN","",8.208,"MG/L","L01 ","PADEP","",NA,"","",39.94649,-76.36774,"T3",2013
"WQN0273",411673,"NTN014","NTWQM","NTN","PADEP","SRBC","WQN0273",2013-11-13,"13:00:00",NA,NA,NA,0,"VH","HVIC","S1","TN","",8.159,"MG/L","L01 ","PADEP","",NA,"","",39.94649,-76.36774,"T3",2013
"WQN0273",411674,"NTN014","NTWQM","NTN","PADEP","SRBC","WQN0273",2013-11-25,"12:30:00",NA,NA,NA,0,"VH","HVIC","FS1","TN","",8.304,"MG/L","L01 ","PADEP","",NA,"","",39.94649,-76.36774,"T3",2013
"WQN0273",411675,"NTN014","NTWQM","NTN","PADEP","SRBC","WQN0273",2013-12-07,"11:30:00",NA,NA,NA,0,"VH","HVIC","S1","TN","",5.766,"MG/L","L01 ","PADEP","",NA,"","",39.94649,-76.36774,"T3",2013
"WQN0273",411676,"NTN014","NTWQM","NTN","PADEP","SRBC","WQN0273",2013-12-08,"11:00:00",NA,NA,NA,0,"VH","HVIC","S1","TN","",4.376,"MG/L","L01 ","PADEP","",NA,"","",39.94649,-76.36774,"T3",2013
"WQN0273",411677,"NTN014","NTWQM","NTN","PADEP","SRBC","WQN0273",2013-12-16,"13:30:00",NA,NA,NA,0,"VH","HVIC","S1","TN","",7.19,"MG/L","L01 ","PADEP","",NA,"","",39.94649,-76.36774,"T3",2013
"WQN0273",411678,"NTN014","NTWQM","NTN","PADEP","SRBC","WQN0273",2013-12-30,"14:00:00",NA,NA,NA,0,"VH","HVIC","S1","TN","",5.153,"MG/L","L01 ","PADEP","",NA,"","",39.94649,-76.36774,"T3",2013
"WQN0273",411679,"NTN014","NTWQM","NTN","PADEP","SRBC","WQN0273",2014-01-13,"13:00:00",NA,NA,NA,0,"VH","HVIC","S1","TN","",6.014,"MG/L","L01 ","PADEP","",NA,"","",39.94649,-76.36774,"T3",2014
"WQN0273",411680,"NTN014","NTWQM","NTN","PADEP","SRBC","WQN0273",2014-01-30,"14:00:00",NA,NA,NA,0,"VH","HVIC","S1","TN","",8.877,"MG/L","L01 ","PADEP","",NA,"","",39.94649,-76.36774,"T3",2014
"WQN0273",411681,"NTN014","NTWQM","NTN","PADEP","SRBC","WQN0273",2014-02-11,"12:30:00",NA,NA,NA,0,"VH","HVIC","S1","TN","",8.142,"MG/L","L01 ","PADEP","",NA,"","",39.94649,-76.36774,"T3",2014
"WQN0273",411682,"NTN014","NTWQM","NTN","PADEP","SRBC","WQN0273",2014-02-24,"13:00:00",NA,NA,NA,0,"VH","HVIC","S1","TN","",6.12,"MG/L","L01 ","PADEP","",NA,"","",39.94649,-76.36774,"T3",2014
"WQN0273",411683,"NTN014","NTWQM","NTN","PADEP","SRBC","WQN0273",2014-03-11,"13:30:00",NA,NA,NA,0,"VH","HVIC","S1","TN","",6.672,"MG/L","L01 ","PADEP","",NA,"","",39.94649,-76.36774,"T3",2014
"WQN0273",411684,"NTN014","NTWQM","NTN","PADEP","SRBC","WQN0273",2014-03-13,"12:30:00",NA,NA,NA,0,"VH","HVIC","S1","TN","",5.977,"MG/L","L01 ","PADEP","",NA,"","",39.94649,-76.36774,"T3",2014
"WQN0273",411685,"NTN014","NTWQM","NTN","PADEP","SRBC","WQN0273",2014-03-14,"11:00:00",NA,NA,NA,0,"VH","HVIC","S1","TN","",5.98,"MG/L","L01 ","PADEP","",NA,"","",39.94649,-76.36774,"T3",2014
"WQN0273",411686,"NTN014","NTWQM","NTN","PADEP","SRBC","WQN0273",2014-03-27,"14:30:00",NA,NA,NA,0,"VH","HVIC","S1","TN","",7.556,"MG/L","L01 ","PADEP","",NA,"","",39.94649,-76.36774,"T3",2014
"WQN0273",411687,"NTN014","NTWQM","NTN","PADEP","SRBC","WQN0273",2014-04-16,"12:30:00",NA,NA,NA,0,"VH","HVIC","S1","TN","",5.247,"MG/L","L01 ","PADEP","",NA,"","",39.94649,-76.36774,"T3",2014
"WQN0273",411688,"NTN014","NTWQM","NTN","PADEP","SRBC","WQN0273",2014-04-24,"12:30:00",NA,NA,NA,0,"VH","HVIC","S1","TN","",7.033,"MG/L","L01 ","PADEP","",NA,"","",39.94649,-76.36774,"T3",2014
"WQN0273",411689,"NTN014","NTWQM","NTN","PADEP","SRBC","WQN0273",2014-05-01,"11:30:00",NA,NA,NA,0,"VH","HVIC","S1","TN","",3.641,"MG/L","L01 ","PADEP","",NA,"","",39.94649,-76.36774,"T3",2014
"WQN0273",411690,"NTN014","NTWQM","NTN","PADEP","SRBC","WQN0273",2014-05-02,"10:30:00",NA,NA,NA,0,"VH","HVIC","S1","TN","",4.992,"MG/L","L01 ","PADEP","",NA,"","",39.94649,-76.36774,"T3",2014
"WQN0273",411691,"NTN014","NTWQM","NTN","PADEP","SRBC","WQN0273",2014-05-13,"13:30:00",NA,NA,NA,0,"VH","HVIC","S1","TN","",6.918,"MG/L","L01 ","PADEP","",NA,"","",39.94649,-76.36774,"T3",2014
"WQN0273",411692,"NTN014","NTWQM","NTN","PADEP","SRBC","WQN0273",2014-05-27,"10:30:00",NA,NA,NA,0,"VH","HVIC","FS1","TN","",8.11,"MG/L","L01 ","PADEP","",NA,"","",39.94649,-76.36774,"T3",2014
"WQN0273",411693,"NTN014","NTWQM","NTN","PADEP","SRBC","WQN0273",2014-06-17,"12:00:00",NA,NA,NA,0,"VH","HVIC","FS1","TN","",7.753,"MG/L","L01 ","PADEP","",NA,"","",39.94649,-76.36774,"T3",2014
"WQN0273",411694,"NTN014","NTWQM","NTN","PADEP","SRBC","WQN0273",2014-06-30,"13:00:00",NA,NA,NA,0,"VH","HVIC","S1","TN","",7.331,"MG/L","L01 ","PADEP","",NA,"","",39.94649,-76.36774,"T3",2014
"WQN0273",411695,"NTN014","NTWQM","NTN","PADEP","SRBC","WQN0273",2014-07-16,"13:30:00",NA,NA,NA,0,"VH","HVIC","S1","TN","",4.541,"MG/L","L01 ","PADEP","",NA,"","",39.94649,-76.36774,"T3",2014
"WQN0273",411696,"NTN014","NTWQM","NTN","PADEP","SRBC","WQN0273",2014-07-31,"11:00:00",NA,NA,NA,0,"VH","HVIC","S1","TN","",6.554,"MG/L","L01 ","PADEP","",NA,"","",39.94649,-76.36774,"T3",2014
"WQN0273",411697,"NTN014","NTWQM","NTN","PADEP","SRBC","WQN0273",2014-08-19,"10:30:00",NA,NA,NA,0,"VH","HVIC","S1","TN","",6.859,"MG/L","L01 ","PADEP","",NA,"","",39.94649,-76.36774,"T3",2014
"WQN0273",411698,"NTN014","NTWQM","NTN","PADEP","SRBC","WQN0273",2014-08-28,"11:30:00",NA,NA,NA,0,"VH","HVIC","FS1","TN","",7.256,"MG/L","L01 ","PADEP","",NA,"","",39.94649,-76.36774,"T3",2014
"WQN0273",411699,"NTN014","NTWQM","NTN","PADEP","SRBC","WQN0273",2014-09-15,"13:30:00",NA,NA,NA,0,"VH","HVIC","S1","TN","",7.679,"MG/L","L01 ","PADEP","",NA,"","",39.94649,-76.36774,"T3",2014
"WQN0273",411700,"NTN014","NTWQM","NTN","PADEP","SRBC","WQN0273",2014-09-29,"14:00:00",NA,NA,NA,0,"VH","HVIC","S1","TN","",6.522,"MG/L","L01 ","PADEP","",NA,"","",39.94649,-76.36774,"T3",2014
"WQN0273",415670,"NTN015","NTWQM","NTN","PADEP","SRBC","WQN0273",2014-10-14,"12:30:00",NA,NA,NA,0,"VH","HVIC","S1","TN","",6.617,"MG/L","L01 ","PADEP","QQ",NA,"","",39.94649,-76.36774,"T3",2014
"WQN0273",415671,"NTN015","NTWQM","NTN","PADEP","SRBC","WQN0273",2014-10-16,"09:30:00",NA,NA,NA,0,"VH","HVIC","S1","TN","",4.164,"MG/L","L01 ","PADEP","",NA,"","",39.94649,-76.36774,"T3",2014
"WQN0273",415672,"NTN015","NTWQM","NTN","PADEP","SRBC","WQN0273",2014-10-17,"12:30:00",NA,NA,NA,0,"VH","HVIC","S1","TN","",3.449,"MG/L","L01 ","PADEP","",NA,"","",39.94649,-76.36774,"T3",2014
"WQN0273",415673,"NTN015","NTWQM","NTN","PADEP","SRBC","WQN0273",2014-10-30,"09:30:00",NA,NA,NA,0,"VH","HVIC","S1","TN","",6.997,"MG/L","L01 ","PADEP","",NA,"","",39.94649,-76.36774,"T3",2014
"WQN0273",415674,"NTN015","NTWQM","NTN","PADEP","SRBC","WQN0273",2014-11-12,"12:30:00",NA,NA,NA,0,"VH","HVIC","S1","TN","",6.157,"MG/L","L01 ","PADEP","QQ",NA,"","",39.94649,-76.36774,"T3",2014
"WQN0273",415675,"NTN015","NTWQM","NTN","PADEP","SRBC","WQN0273",2014-11-25,"09:30:00",NA,NA,NA,0,"VH","HVIC","FS1","TN","",7.16,"MG/L","L01 ","PADEP","",NA,"","",39.94649,-76.36774,"T3",2014
"WQN0273",415676,"NTN015","NTWQM","NTN","PADEP","SRBC","WQN0273",2014-12-08,"11:00:00",NA,NA,NA,0,"VH","HVIC","S1","TN","",4.891,"MG/L","L01 ","PADEP","",NA,"","",39.94649,-76.36774,"T3",2014
"WQN0273",415677,"NTN015","NTWQM","NTN","PADEP","SRBC","WQN0273",2014-12-09,"09:30:00",NA,NA,NA,0,"VH","HVIC","S1","TN","",5.313,"MG/L","L01 ","PADEP","",NA,"","",39.94649,-76.36774,"T3",2014
"WQN0273",415678,"NTN015","NTWQM","NTN","PADEP","SRBC","WQN0273",2014-12-15,"10:30:00",NA,NA,NA,0,"VH","HVIC","S1","TN","",6.912,"MG/L","L01 ","PADEP","QQ",NA,"","",39.94649,-76.36774,"T3",2014
"WQN0273",415679,"NTN015","NTWQM","NTN","PADEP","SRBC","WQN0273",2014-12-29,"10:00:00",NA,NA,NA,0,"VH","HVIC","S1","TN","",6.884,"MG/L","L01 ","PADEP","",NA,"","",39.94649,-76.36774,"T3",2014
"WQN0273",415680,"NTN015","NTWQM","NTN","PADEP","SRBC","WQN0273",2015-01-15,"10:30:00",NA,NA,NA,0,"VH","HVIC","S1","TN","",6.355,"MG/L","L01 ","PADEP","",NA,"","",39.94649,-76.36774,"T3",2015
"WQN0273",415681,"NTN015","NTWQM","NTN","PADEP","SRBC","WQN0273",2015-01-29,"10:00:00",NA,NA,NA,0,"VH","HVIC","S1","TN","",6.991,"MG/L","L01 ","PADEP","QQ",NA,"","",39.94649,-76.36774,"T3",2015
"WQN0273",415682,"NTN015","NTWQM","NTN","PADEP","SRBC","WQN0273",2015-02-18,"10:30:00",NA,NA,NA,0,"VH","HVIC","S1","TN","",8.529,"MG/L","L01 ","PADEP","QQ",NA,"","",39.94649,-76.36774,"T3",2015
"WQN0273",415683,"NTN015","NTWQM","NTN","PADEP","SRBC","WQN0273",2015-02-25,"09:00:00",NA,NA,NA,0,"VH","HVIC","FS1","TN","",7.76,"MG/L","L01 ","PADEP","",NA,"","",39.94649,-76.36774,"T3",2015
"WQN0273",415684,"NTN015","NTWQM","NTN","PADEP","SRBC","WQN0273",2015-03-12,"11:00:00",NA,NA,NA,0,"VH","HVIC","FS1","TN","",4.542,"MG/L","L01 ","PADEP","",NA,"","",39.94649,-76.36774,"T3",2015
"WQN0273",415685,"NTN015","NTWQM","NTN","PADEP","SRBC","WQN0273",2015-03-31,"10:30:00",NA,NA,NA,0,"VH","HVIC","S1","TN","",6.375,"MG/L","L01 ","PADEP","",NA,"","",39.94649,-76.36774,"T3",2015
"WQN0273",415686,"NTN015","NTWQM","NTN","PADEP","SRBC","WQN0273",2015-04-15,"10:30:00",NA,NA,NA,0,"VH","HVIC","S1","TN","",5.888,"MG/L","L01 ","PADEP","QQ",NA,"","",39.94649,-76.36774,"T3",2015
"WQN0273",415687,"NTN015","NTWQM","NTN","PADEP","SRBC","WQN0273",2015-04-21,"11:00:00",NA,NA,NA,0,"VH","HVIC","S1","TN","",5.792,"MG/L","L01 ","PADEP","",NA,"","",39.94649,-76.36774,"T3",2015
"WQN0273",415688,"NTN015","NTWQM","NTN","PADEP","SRBC","WQN0273",2015-04-22,"10:45:00",NA,NA,NA,0,"VH","HVIC","S1","TN","",4.518,"MG/L","L01 ","PADEP","",NA,"","",39.94649,-76.36774,"T3",2015
"WQN0273",415689,"NTN015","NTWQM","NTN","PADEP","SRBC","WQN0273",2015-04-29,"09:45:00",NA,NA,NA,0,"VH","HVIC","S1","TN","",5.518,"MG/L","L01 ","PADEP","",NA,"","",39.94649,-76.36774,"T3",2015
"WQN0273",415690,"NTN015","NTWQM","NTN","PADEP","SRBC","WQN0273",2015-05-14,"11:00:00",NA,NA,NA,0,"VH","HVIC","S1","TN","",5.027,"MG/L","L01 ","PADEP","",NA,"","",39.94649,-76.36774,"T3",2015
"WQN0273",415691,"NTN015","NTWQM","NTN","PADEP","SRBC","WQN0273",2015-05-26,"09:45:00",NA,NA,NA,0,"VH","HVIC","S1","TN","",5.182,"MG/L","L01 ","PADEP","",NA,"","",39.94649,-76.36774,"T3",2015
"WQN0273",415692,"NTN015","NTWQM","NTN","PADEP","SRBC","WQN0273",2015-06-02,"12:30:00",NA,NA,NA,0,"VH","HVIC","S1","TN","",4.471,"MG/L","L01 ","PADEP","",NA,"","",39.94649,-76.36774,"T3",2015
"WQN0273",415693,"NTN015","NTWQM","NTN","PADEP","SRBC","WQN0273",2015-06-03,"12:00:00",NA,NA,NA,0,"VH","HVIC","S1","TN","",4.075,"MG/L","L01 ","PADEP","",NA,"","",39.94649,-76.36774,"T3",2015
"WQN0273",415694,"NTN015","NTWQM","NTN","PADEP","SRBC","WQN0273",2015-06-17,"10:30:00",NA,NA,NA,0,"VH","HVIC","S1","TN","",4.696,"MG/L","L01 ","PADEP","QQ",NA,"","",39.94649,-76.36774,"T3",2015
"WQN0273",415695,"NTN015","NTWQM","NTN","PADEP","SRBC","WQN0273",2015-06-29,"10:00:00",NA,NA,NA,0,"VH","HVIC","FS1","TN","",4.146,"MG/L","L01 ","PADEP","",NA,"","",39.94649,-76.36774,"T3",2015
"WQN0273",415696,"NTN015","NTWQM","NTN","PADEP","SRBC","WQN0273",2015-07-16,"10:15:00",NA,NA,NA,0,"VH","HVIC","S1","TN","",4.697,"MG/L","L01 ","PADEP","",NA,"","",39.94649,-76.36774,"T3",2015
"WQN0273",415697,"NTN015","NTWQM","NTN","PADEP","SRBC","WQN0273",2015-07-28,"10:00:00",NA,NA,NA,0,"VH","HVIC","S1","TN","",1.418,"MG/L","L01 ","PADEP","",NA,"","",39.94649,-76.36774,"T3",2015
"WQN0273",415698,"NTN015","NTWQM","NTN","PADEP","SRBC","WQN0273",2015-08-20,"10:00:00",NA,NA,NA,0,"VH","HVIC","S1","TN","",5.532,"MG/L","L01 ","PADEP","",NA,"","",39.94649,-76.36774,"T3",2015
"WQN0273",415699,"NTN015","NTWQM","NTN","PADEP","SRBC","WQN0273",2015-08-26,"09:30:00",NA,NA,NA,0,"VH","HVIC","S1","TN","",4.817,"MG/L","L01 ","PADEP","",NA,"","",39.94649,-76.36774,"T3",2015
"WQN0273",415700,"NTN015","NTWQM","NTN","PADEP","SRBC","WQN0273",2015-09-14,"10:30:00",NA,NA,NA,0,"VH","HVIC","S1","TN","",3.716,"MG/L","L01 ","PADEP","",NA,"","",39.94649,-76.36774,"T3",2015
"WQN0273",415701,"NTN015","NTWQM","NTN","PADEP","SRBC","WQN0273",2015-09-29,"09:45:00",NA,NA,NA,0,"VH","HVIC","FS1","TN","",6.456,"MG/L","L01 ","PADEP","",NA,"","",39.94649,-76.36774,"T3",2015
"WQN0273",415702,"NTN015","NTWQM","NTN","PADEP","SRBC","WQN0273",2015-09-30,"10:30:00",NA,NA,NA,0,"VH","HVIC","S1","TN","",3.704,"MG/L","L01 ","PADEP","",NA,"","",39.94649,-76.36774,"T3",2015
"WQN0273",424099,"NTN016","NTWQM","NTN","PADEP","SRBC","WQN0273",2015-10-12,"10:00:00",NA,NA,NA,0,"VH","HVIC","S1","TN","",5.954,"MG/L","L01 ","PADEP","QQ",NA,"","",39.94649,-76.36774,"T3",2015
"WQN0273",424100,"NTN016","NTWQM","NTN","PADEP","SRBC","WQN0273",2015-10-29,"10:00:00",NA,NA,NA,0,"VH","HVIC","S1","TN","",4.913,"MG/L","L01 ","PADEP","",NA,"","",39.94649,-76.36774,"T3",2015
"WQN0273",424101,"NTN016","NTWQM","NTN","PADEP","SRBC","WQN0273",2015-10-30,"10:00:00",NA,NA,NA,0,"VH","HVIC","S1","TN","",5.831,"MG/L","L01 ","PADEP","",NA,"","",39.94649,-76.36774,"T3",2015
"WQN0273",424102,"NTN016","NTWQM","NTN","PADEP","SRBC","WQN0273",2015-11-16,"10:15:00",NA,NA,NA,0,"VH","HVIC","S1","TN","",5.909,"MG/L","L01 ","PADEP","QQ",NA,"","",39.94649,-76.36774,"T3",2015
"WQN0273",424103,"NTN016","NTWQM","NTN","PADEP","SRBC","WQN0273",2015-11-30,"09:30:00",NA,NA,NA,0,"VH","HVIC","S1","TN","",6.753,"MG/L","L01 ","PADEP","",NA,"","",39.94649,-76.36774,"T3",2015
"WQN0273",424104,"NTN016","NTWQM","NTN","PADEP","SRBC","WQN0273",2015-12-15,"10:15:00",NA,NA,NA,0,"VH","HVIC","S1","TN","",6.157,"MG/L","L01 ","PADEP","QQ",NA,"","",39.94649,-76.36774,"T3",2015
"WQN0273",424105,"NTN016","NTWQM","NTN","PADEP","SRBC","WQN0273",2015-12-28,"09:30:00",NA,NA,NA,0,"VH","HVIC","S1","TN","",5.364,"MG/L","L01 ","PADEP","",NA,"","",39.94649,-76.36774,"T3",2015
"WQN0273",424106,"NTN016","NTWQM","NTN","PADEP","SRBC","WQN0273",2016-01-13,"10:30:00",NA,NA,NA,0,"VH","HVIC","S1","TN","",5.434,"MG/L","L01 ","PADEP","",NA,"","",39.94649,-76.36774,"T3",2016
"WQN0273",424107,"NTN016","NTWQM","NTN","PADEP","SRBC","WQN0273",2016-01-26,"10:00:00",NA,NA,NA,0,"VH","HVIC","FS1","TN","",7.286,"MG/L","L01 ","PADEP","QQ",NA,"","",39.94649,-76.36774,"T3",2016
"WQN0273",424108,"NTN016","NTWQM","NTN","PADEP","SRBC","WQN0273",2016-02-04,"11:45:00",NA,NA,NA,0,"VH","HVIC","S1","TN","",4.729,"MG/L","L01 ","PADEP","",NA,"","",39.94649,-76.36774,"T3",2016
"WQN0273",424109,"NTN016","NTWQM","NTN","PADEP","SRBC","WQN0273",2016-02-05,"09:15:00",NA,NA,NA,0,"VH","HVIC","S1","TN","",4.344,"MG/L","L01 ","PADEP","",NA,"","",39.94649,-76.36774,"T3",2016
"WQN0273",424110,"NTN016","NTWQM","NTN","PADEP","SRBC","WQN0273",2016-02-06,"09:00:00",NA,NA,NA,0,"VH","HVIC","S1","TN","",5.557,"MG/L","L01 ","PADEP","",NA,"","",39.94649,-76.36774,"T3",2016
"WQN0273",424111,"NTN016","NTWQM","NTN","PADEP","SRBC","WQN0273",2016-02-07,"10:00:00",NA,NA,NA,0,"VH","HVIC","S1","TN","",6.216,"MG/L","L01 ","PADEP","",NA,"","",39.94649,-76.36774,"T3",2016
"WQN0273",424112,"NTN016","NTWQM","NTN","PADEP","SRBC","WQN0273",2016-02-17,"10:15:00",NA,NA,NA,0,"VH","HVIC","S1","TN","",4.171,"MG/L","L01 ","PADEP","",NA,"","",39.94649,-76.36774,"T3",2016
"WQN0273",424113,"NTN016","NTWQM","NTN","PADEP","SRBC","WQN0273",2016-02-25,"18:00:00",NA,NA,NA,0,"VH","HVIC","S1","TN","",4.465,"MG/L","L01 ","PADEP","",NA,"","",39.94649,-76.36774,"T3",2016
"WQN0273",424114,"NTN016","NTWQM","NTN","PADEP","SRBC","WQN0273",2016-02-29,"09:30:00",NA,NA,NA,0,"VH","HVIC","S1","TN","",6.881,"MG/L","L01 ","PADEP","",NA,"","",39.94649,-76.36774,"T3",2016
"WQN0273",424115,"NTN016","NTWQM","NTN","PADEP","SRBC","WQN0273",2016-03-16,"11:30:00",NA,NA,NA,0,"VH","HVIC","S1","TN","",6.057,"MG/L","L01 ","PADEP","QQ",NA,"","",39.94649,-76.36774,"T3",2016
"WQN0273",424116,"NTN016","NTWQM","NTN","PADEP","SRBC","WQN0273",2016-03-31,"15:30:00",NA,NA,NA,0,"VH","HVIC","S1","TN","",6.1,"MG/L","L01 ","PADEP","QQ",NA,"","",39.94649,-76.36774,"T3",2016
"WQN0273",424117,"NTN016","NTWQM","NTN","PADEP","SRBC","WQN0273",2016-04-13,"15:00:00",NA,NA,NA,0,"VH","HVIC","S1","TN","",5.787,"MG/L","L01 ","PADEP","",NA,"","",39.94649,-76.36774,"T3",2016
"WQN0273",424118,"NTN016","NTWQM","NTN","PADEP","SRBC","WQN0273",2016-04-27,"14:30:00",NA,NA,NA,0,"VH","HVIC","FS1","TN","",5.853,"MG/L","L01 ","PADEP","",NA,"","",39.94649,-76.36774,"T3",2016
"WQN0273",424119,"NTN016","NTWQM","NTN","PADEP","SRBC","WQN0273",2016-05-10,"13:00:00",NA,NA,NA,0,"VH","HVIC","S1","TN","",5.924,"MG/L","L01 ","PADEP","",NA,"","",39.94649,-76.36774,"T3",2016
"WQN0273",424120,"NTN016","NTWQM","NTN","PADEP","SRBC","WQN0273",2016-05-31,"10:30:00",NA,NA,NA,0,"VH","HVIC","S1","TN","",5.243,"MG/L","L01 ","PADEP","",NA,"","",39.94649,-76.36774,"T3",2016
"WQN0273",424121,"NTN016","NTWQM","NTN","PADEP","SRBC","WQN0273",2016-06-15,"14:00:00",NA,NA,NA,0,"VH","HVIC","S1","TN","",5.913,"MG/L","L01 ","PADEP","QQ",NA,"","",39.94649,-76.36774,"T3",2016
"WQN0273",424122,"NTN016","NTWQM","NTN","PADEP","SRBC","WQN0273",2016-06-30,"13:30:00",NA,NA,NA,0,"VH","HVIC","S1","TN","",5.177,"MG/L","L01 ","PADEP","",NA,"","",39.94649,-76.36774,"T3",2016
"WQN0273",424123,"NTN016","NTWQM","NTN","PADEP","SRBC","WQN0273",2016-07-13,"12:00:00",NA,NA,NA,0,"VH","HVIC","S1","TN","",4.935,"MG/L","L01 ","PADEP","QQ",NA,"","",39.94649,-76.36774,"T3",2016
"WQN0273",424124,"NTN016","NTWQM","NTN","PADEP","SRBC","WQN0273",2016-07-28,"10:45:00",NA,NA,NA,0,"VH","HVIC","FS1","TN","",4.753,"MG/L","L01 ","PADEP","",NA,"","",39.94649,-76.36774,"T3",2016
"WQN0273",424125,"NTN016","NTWQM","NTN","PADEP","SRBC","WQN0273",2016-07-29,"12:15:00",NA,NA,NA,0,"VH","HVIC","S1","TN","",4.604,"MG/L","L01 ","PADEP","",NA,"","",39.94649,-76.36774,"T3",2016
"WQN0273",424126,"NTN016","NTWQM","NTN","PADEP","SRBC","WQN0273",2016-08-16,"10:45:00",NA,NA,NA,0,"VH","HVIC","S1","TN","",5.203,"MG/L","L01 ","PADEP","QQ",NA,"","",39.94649,-76.36774,"T3",2016
"WQN0273",424127,"NTN016","NTWQM","NTN","PADEP","SRBC","WQN0273",2016-08-29,"12:30:00",NA,NA,NA,0,"VH","HVIC","S1","TN","",5.389,"MG/L","L01 ","PADEP","",NA,"","",39.94649,-76.36774,"T3",2016
"WQN0273",424128,"NTN016","NTWQM","NTN","PADEP","SRBC","WQN0273",2016-09-15,"11:00:00",NA,NA,NA,0,"VH","HVIC","S1","TN","",5.756,"MG/L","L01 ","PADEP","QQ",NA,"","",39.94649,-76.36774,"T3",2016
"WQN0273",424129,"NTN016","NTWQM","NTN","PADEP","SRBC","WQN0273",2016-09-28,"13:30:00",NA,NA,NA,0,"VH","HVIC","S1","TN","",5.953,"MG/L","L01 ","PADEP","",NA,"","",39.94649,-76.36774,"T3",2016
"WQN0273",424130,"NTN016","NTWQM","NTN","PADEP","SRBC","WQN0273",2016-09-30,"14:00:00",NA,NA,NA,0,"VH","HVIC","S1","TN","",4.256,"MG/L","L01 ","PADEP","",NA,"","",39.94649,-76.36774,"T3",2016
"WQN0273",433844,"NTN017","NTWQM","NTN","PADEP","SRBC","WQN0273",2016-10-12,"14:00:00",NA,NA,NA,0,"VH","HVIC","S1","TN","",6.307,"MG/L","L01 ","PADEP","",NA,"","",39.94649,-76.36774,"T3",2016
"WQN0273",433845,"NTN017","NTWQM","NTN","PADEP","SRBC","WQN0273",2016-10-27,"10:30:00",NA,NA,NA,0,"VH","HVIC","S1","TN","",5.734,"MG/L","L01 ","PADEP","",NA,"","",39.94649,-76.36774,"T3",2016
"WQN0273",433846,"NTN017","NTWQM","NTN","PADEP","SRBC","WQN0273",2016-11-09,"14:00:00",NA,NA,NA,0,"VH","HVIC","S1","TN","",5.476,"MG/L","L01 ","PADEP","QQ",NA,"","",39.94649,-76.36774,"T3",2016
"WQN0273",433847,"NTN017","NTWQM","NTN","PADEP","SRBC","WQN0273",2016-12-20,"11:00:00",NA,NA,NA,0,"VH","HVIC","S1","TN","",5.923,"MG/L","L01 ","PADEP","",NA,"","",39.94649,-76.36774,"T3",2016
"WQN0273",433848,"NTN017","NTWQM","NTN","PADEP","SRBC","WQN0273",2016-12-29,"10:00:00",NA,NA,NA,0,"VH","HVIC","S1","TN","",5.828,"MG/L","L01 ","PADEP","QQ",NA,"","",39.94649,-76.36774,"T3",2016
"WQN0273",433849,"NTN017","NTWQM","NTN","PADEP","SRBC","WQN0273",2017-01-12,"11:30:00",NA,NA,NA,0,"VH","HVIC","S1","TN","",6.479,"MG/L","L01 ","PADEP","",NA,"","",39.94649,-76.36774,"T3",2017
"WQN0273",433850,"NTN017","NTWQM","NTN","PADEP","SRBC","WQN0273",2017-01-24,"08:45:00",NA,NA,NA,0,"VH","HVIC","S1","TN","",5.413,"MG/L","L01 ","PADEP","",NA,"","",39.94649,-76.36774,"T3",2017
"WQN0273",433851,"NTN017","NTWQM","NTN","PADEP","SRBC","WQN0273",2017-01-25,"08:30:00",NA,NA,NA,0,"VH","HVIC","S1","TN","",5.4,"MG/L","L01 ","PADEP","",NA,"","",39.94649,-76.36774,"T3",2017
"WQN0273",433852,"NTN017","NTWQM","NTN","PADEP","SRBC","WQN0273",2017-01-31,"09:00:00",NA,NA,NA,0,"VH","HVIC","S1","TN","",6.957,"MG/L","L01 ","PADEP","",NA,"","",39.94649,-76.36774,"T3",2017
"WQN0273",433853,"NTN017","NTWQM","NTN","PADEP","SRBC","WQN0273",2017-02-08,"13:00:00",NA,NA,NA,0,"VH","HVIC","S1","TN","",6.985,"MG/L","L01 ","PADEP","",NA,"","",39.94649,-76.36774,"T3",2017
"WQN0273",433854,"NTN017","NTWQM","NTN","PADEP","SRBC","WQN0273",2017-02-23,"08:30:00",NA,NA,NA,0,"VH","HVIC","S1","TN","",5.981,"MG/L","L01 ","PADEP","",NA,"","",39.94649,-76.36774,"T3",2017
"WQN0273",433855,"NTN017","NTWQM","NTN","PADEP","SRBC","WQN0273",2017-03-08,"11:30:00",NA,NA,NA,0,"VH","HVIC","S1","TN","",5.878,"MG/L","L01 ","PADEP","",NA,"","",39.94649,-76.36774,"T3",2017
"WQN0273",433856,"NTN017","NTWQM","NTN","PADEP","SRBC","WQN0273",2017-03-27,"08:00:00",NA,NA,NA,0,"VH","HVIC","S1","TN","",6.269,"MG/L","L01 ","PADEP","",NA,"","",39.94649,-76.36774,"T3",2017
"WQN0273",433857,"NTN017","NTWQM","NTN","PADEP","SRBC","WQN0273",2017-04-12,"11:30:00",NA,NA,NA,0,"VH","HVIC","S1","TN","",6.592,"MG/L","L01 ","PADEP","",NA,"","",39.94649,-76.36774,"T3",2017
"WQN0273",433858,"NTN017","NTWQM","NTN","PADEP","SRBC","WQN0273",2017-04-25,"08:00:00",NA,NA,NA,0,"VH","HVIC","S1","TN","",5.673,"MG/L","L01 ","PADEP","",NA,"","",39.94649,-76.36774,"T3",2017
"WQN0273",433859,"NTN017","NTWQM","NTN","PADEP","SRBC","WQN0273",2017-05-08,"12:00:00",NA,NA,NA,0,"VH","HVIC","S1","TN","",5.177,"MG/L","L01 ","PADEP","",NA,"","",39.94649,-76.36774,"T3",2017
"WQN0273",433860,"NTN017","NTWQM","NTN","PADEP","SRBC","WQN0273",2017-05-24,"09:30:00",NA,NA,NA,0,"VH","HVIC","S1","TN","",5.893,"MG/L","L01 ","PADEP","",NA,"","",39.94649,-76.36774,"T3",2017
"WQN0273",433861,"NTN017","NTWQM","NTN","PADEP","SRBC","WQN0273",2017-06-12,"11:00:00",NA,NA,NA,0,"VH","HVIC","S1","TN","",5.017,"MG/L","L01 ","PADEP","",NA,"","",39.94649,-76.36774,"T3",2017
"WQN0273",433862,"NTN017","NTWQM","NTN","PADEP","SRBC","WQN0273",2017-06-27,"07:30:00",NA,NA,NA,0,"VH","HVIC","S1","TN","",5.59,"MG/L","L01 ","PADEP","",NA,"","",39.94649,-76.36774,"T3",2017
"WQN0273",433863,"NTN017","NTWQM","NTN","PADEP","SRBC","WQN0273",2017-07-10,"10:30:00",NA,NA,NA,0,"VH","HVIC","S1","TN","",4.34,"MG/L","L01 ","PADEP","",NA,"","",39.94649,-76.36774,"T3",2017
"WQN0273",433864,"NTN017","NTWQM","NTN","PADEP","SRBC","WQN0273",2017-07-15,"11:00:00",NA,NA,NA,0,"VH","HVIC","S1","TN","",3.846,"MG/L","L01 ","PADEP","",NA,"","",39.94649,-76.36774,"T3",2017
"WQN0273",433865,"NTN017","NTWQM","NTN","PADEP","SRBC","WQN0273",2017-07-24,"16:00:00",NA,NA,NA,0,"VH","HVIC","S1","TN","",5.3,"MG/L","L01 ","PADEP","",NA,"","",39.94649,-76.36774,"T3",2017
"WQN0273",433866,"NTN017","NTWQM","NTN","PADEP","SRBC","WQN0273",2017-08-09,"12:00:00",NA,NA,NA,0,"VH","HVIC","S1","TN","",4.473,"MG/L","L01 ","PADEP","",NA,"","",39.94649,-76.36774,"T3",2017
"WQN0273",433867,"NTN017","NTWQM","NTN","PADEP","SRBC","WQN0273",2017-08-29,"10:30:00",NA,NA,NA,0,"VH","HVIC","S1","TN","",6.113,"MG/L","L01 ","PADEP","",NA,"","",39.94649,-76.36774,"T3",2017
"WQN0273",433868,"NTN017","NTWQM","NTN","PADEP","SRBC","WQN0273",2017-09-06,"15:00:00",NA,NA,NA,0,"VH","HVIC","S1","TN","",5.354,"MG/L","L01 ","PADEP","",NA,"","",39.94649,-76.36774,"T3",2017
"WQN0273",433869,"NTN017","NTWQM","NTN","PADEP","SRBC","WQN0273",2017-09-11,"10:30:00",NA,NA,NA,0,"VH","HVIC","FS2","TN","",5.795,"MG/L","L01 ","PADEP","",NA,"","",39.94649,-76.36774,"T3",2017
"WQN0273",433870,"NTN017","NTWQM","NTN","PADEP","SRBC","WQN0273",2017-09-26,"10:00:00",NA,NA,NA,0,"VH","HVIC","S1","TN","",6.282,"MG/L","L01 ","PADEP","",NA,"","",39.94649,-76.36774,"T3",2017
"WQN0273",452234,"NTN018","NTWQM","NTN","PADEP","SRBC","WQN0273",2017-10-09,"11:00:00",NA,NA,NA,0,"VH","HVIC","S1","TN","",6.536,"MG/L","L01 ","PADEP","",NA,"","",39.94649,-76.36774,"T3",2017
"WQN0273",452235,"NTN018","NTWQM","NTN","PADEP","SRBC","WQN0273",2017-10-26,"08:00:00",NA,NA,NA,0,"VH","HVIC","S1","TN","",6.397,"MG/L","L01 ","PADEP","",NA,"","",39.94649,-76.36774,"T3",2017
"WQN0273",452236,"NTN018","NTWQM","NTN","PADEP","SRBC","WQN0273",2017-10-30,"12:00:00",NA,NA,NA,0,"VH","HVIC","S1","TN","",5.759,"MG/L","L01 ","PADEP","",NA,"","",39.94649,-76.36774,"T3",2017
"WQN0273",452237,"NTN018","NTWQM","NTN","PADEP","SRBC","WQN0273",2017-10-31,"15:00:00",NA,NA,NA,0,"VH","HVIC","S1","TN","",5.645,"MG/L","L01 ","PADEP","",NA,"","",39.94649,-76.36774,"T3",2017
"WQN0273",452238,"NTN018","NTWQM","NTN","PADEP","SRBC","WQN0273",2017-11-08,"11:00:00",NA,NA,NA,0,"VH","HVIC","S1","TN","",6.182,"MG/L","L01 ","PADEP","",NA,"","",39.94649,-76.36774,"T3",2017
"WQN0273",452239,"NTN018","NTWQM","NTN","PADEP","SRBC","WQN0273",2017-11-28,"08:00:00",NA,NA,NA,0,"VH","HVIC","S1","TN","",7.015,"MG/L","L01 ","PADEP","QQ",NA,"","",39.94649,-76.36774,"T3",2017
"WQN0273",452240,"NTN018","NTWQM","NTN","PADEP","SRBC","WQN0273",2017-12-11,"10:15:00",NA,NA,NA,0,"VH","HVIC","S1","TN","",6.425,"MG/L","L01 ","PADEP","",NA,"","",39.94649,-76.36774,"T3",2017
"WQN0273",452241,"NTN018","NTWQM","NTN","PADEP","SRBC","WQN0273",2017-12-27,"08:00:00",NA,NA,NA,0,"VH","HVIC","S1","TN","",5.575,"MG/L","L01 ","PADEP","",NA,"","",39.94649,-76.36774,"T3",2017
"WQN0273",452242,"NTN018","NTWQM","NTN","PADEP","SRBC","WQN0273",2018-01-15,"11:00:00",NA,NA,NA,0,"VH","HVIC","S1","TN","",5.33,"MG/L","L01 ","PADEP","",NA,"","",39.94649,-76.36774,"T3",2018
"WQN0273",452243,"NTN018","NTWQM","NTN","PADEP","SRBC","WQN0273",2018-01-29,"08:00:00",NA,NA,NA,0,"VH","HVIC","S1","TN","",6.67,"MG/L","L01 ","PADEP","",NA,"","",39.94649,-76.36774,"T3",2018
"WQN0273",452244,"NTN018","NTWQM","NTN","PADEP","SRBC","WQN0273",2018-02-08,"13:00:00",NA,NA,NA,0,"VH","HVIC","S1","TN","",6.098,"MG/L","L01 ","PADEP","",NA,"","",39.94649,-76.36774,"T3",2018
"WQN0273",452245,"NTN018","NTWQM","NTN","PADEP","SRBC","WQN0273",2018-02-12,"10:00:00",NA,NA,NA,0,"VH","HVIC","S1","TN","",5.516,"MG/L","L01 ","PADEP","",NA,"","",39.94649,-76.36774,"T3",2018
"WQN0273",452246,"NTN018","NTWQM","NTN","PADEP","SRBC","WQN0273",2018-03-12,"10:30:00",NA,NA,NA,0,"VH","HVIC","S1","TN","",7.278,"MG/L","L01 ","PADEP","",NA,"","",39.94649,-76.36774,"T3",2018
"WQN0273",452247,"NTN018","NTWQM","NTN","PADEP","SRBC","WQN0273",2018-03-26,"08:00:00",NA,NA,NA,0,"VH","HVIC","S1","TN","",5.859,"MG/L","L01 ","PADEP","",NA,"","",39.94649,-76.36774,"T3",2018
"WQN0273",452248,"NTN018","NTWQM","NTN","PADEP","SRBC","WQN0273",2018-04-09,"10:30:00",NA,NA,NA,0,"VH","HVIC","S1","TN","",6.619,"MG/L","L01 ","PADEP","",NA,"","",39.94649,-76.36774,"T3",2018
"WQN0273",452249,"NTN018","NTWQM","NTN","PADEP","SRBC","WQN0273",2018-04-17,"12:00:00",NA,NA,NA,0,"VH","HVIC","S1","TN","",4.727,"MG/L","L01 ","PADEP","",NA,"","",39.94649,-76.36774,"T3",2018
"WQN0273",452250,"NTN018","NTWQM","NTN","PADEP","SRBC","WQN0273",2018-04-25,"08:00:00",NA,NA,NA,0,"VH","HVIC","S1","TN","",6.102,"MG/L","L01 ","PADEP","",NA,"","",39.94649,-76.36774,"T3",2018
"WQN0273",452251,"NTN018","NTWQM","NTN","PADEP","SRBC","WQN0273",2018-05-07,"10:00:00",NA,NA,NA,0,"VH","HVIC","S1","TN","",6.513,"MG/L","L01 ","PADEP","",NA,"","",39.94649,-76.36774,"T3",2018
"WQN0273",452252,"NTN018","NTWQM","NTN","PADEP","SRBC","WQN0273",2018-05-16,"11:00:00",NA,NA,NA,0,"VH","HVIC","S1","TN","",5.154,"MG/L","L01 ","PADEP","",NA,"","",39.94649,-76.36774,"T3",2018
"WQN0273",452253,"NTN018","NTWQM","NTN","PADEP","SRBC","WQN0273",2018-05-20,"09:30:00",NA,NA,NA,0,"VH","HVIC","S1","TN","",4.52,"MG/L","L01 ","PADEP","",NA,"","",39.94649,-76.36774,"T3",2018
"WQN0273",452254,"NTN018","NTWQM","NTN","PADEP","SRBC","WQN0273",2018-05-29,"11:00:00",NA,NA,NA,0,"VH","HVIC","S1","TN","",7.224,"MG/L","L01 ","PADEP","",NA,"","",39.94649,-76.36774,"T3",2018
"WQN0273",452255,"NTN018","NTWQM","NTN","PADEP","SRBC","WQN0273",2018-06-12,"10:30:00",NA,NA,NA,0,"VH","HVIC","FS1","TN","",4.951,"MG/L","L01 ","PADEP","",NA,"","",39.94649,-76.36774,"T3",2018
"WQN0273",452256,"NTN018","NTWQM","NTN","PADEP","SRBC","WQN0273",2018-06-26,"09:30:00",NA,NA,NA,0,"VH","HVIC","S1","TN","",6.615,"MG/L","L01 ","PADEP","QQ",NA,"","",39.94649,-76.36774,"T3",2018
"WQN0273",452257,"NTN018","NTWQM","NTN","PADEP","SRBC","WQN0273",2018-07-09,"10:00:00",NA,NA,NA,0,"VH","HVIC","S1","TN","",6.236,"MG/L","L01 ","PADEP","",NA,"","",39.94649,-76.36774,"T3",2018
"WQN0273",452258,"NTN018","NTWQM","NTN","PADEP","SRBC","WQN0273",2018-07-30,"09:30:00",NA,NA,NA,0,"VH","HVIC","S1","TN","",6.302,"MG/L","L01 ","PADEP","",NA,"","",39.94649,-76.36774,"T3",2018
"WQN0273",452259,"NTN018","NTWQM","NTN","PADEP","SRBC","WQN0273",2018-08-04,"15:30:00",NA,NA,NA,0,"VH","HVIC","S1","TN","",5.239,"MG/L","L01 ","PADEP","",NA,"","",39.94649,-76.36774,"T3",2018
"WQN0273",452260,"NTN018","NTWQM","NTN","PADEP","SRBC","WQN0273",2018-08-08,"10:30:00",NA,NA,NA,0,"VH","HVIC","S1","TN","",6.78,"MG/L","L01 ","PADEP","",NA,"","",39.94649,-76.36774,"T3",2018
"WQN0273",452263,"NTN018","NTWQM","NTN","PADEP","SRBC","WQN0273",2018-08-22,"19:30:00",NA,NA,NA,0,"VH","HVIC","S1","TN","",3.238,"MG/L","L01 ","PADEP","",NA,"","",39.94649,-76.36774,"T3",2018
"WQN0273",452264,"NTN018","NTWQM","NTN","PADEP","SRBC","WQN0273",2018-08-23,"11:30:00",NA,NA,NA,0,"VH","HVIC","S1","TN","",4.942,"MG/L","L01 ","PADEP","",NA,"","",39.94649,-76.36774,"T3",2018
"WQN0273",452265,"NTN018","NTWQM","NTN","PADEP","SRBC","WQN0273",2018-08-30,"10:00:00",NA,NA,NA,0,"VH","HVIC","S1","TN","",7.664,"MG/L","L01 ","PADEP","",NA,"","",39.94649,-76.36774,"T3",2018
"WQN0273",452266,"NTN018","NTWQM","NTN","PADEP","SRBC","WQN0273",2018-09-10,"09:30:00",NA,NA,NA,0,"VH","HVIC","S1","TN","",4.998,"MG/L","L01 ","PADEP","",NA,"","",39.94649,-76.36774,"T3",2018
"WQN0273",459560,"NTN019","NTWQM","NTN","PADEP","SRBC","WQN0273",2018-10-08,"10:45:00",NA,NA,NA,0,"VH","HVIC","S1","TN","",8.085,"MG/L","L01 ","PADEP","",NA,"","",39.94649,-76.36774,"T3",2018
"WQN0273",459561,"NTN019","NTWQM","NTN","PADEP","SRBC","WQN0273",2018-10-29,"08:00:00",NA,NA,NA,0,"VH","HVIC","S1","TN","",6.753,"MG/L","L01 ","PADEP","",NA,"","",39.94649,-76.36774,"T3",2018
"WQN0273",459562,"NTN019","NTWQM","NTN","PADEP","SRBC","WQN0273",2018-11-07,"10:30:00",NA,NA,NA,0,"VH","HVIC","S1","TN","",4.066,"MG/L","L01 ","PADEP","",NA,"","",39.94649,-76.36774,"T3",2018
"WQN0273",459563,"NTN019","NTWQM","NTN","PADEP","SRBC","WQN0273",2018-11-25,"11:00:00",NA,NA,NA,0,"VH","HVIC","S1","TN","",6.303,"MG/L","L01 ","PADEP","",NA,"","",39.94649,-76.36774,"T3",2018
"WQN0273",459564,"NTN019","NTWQM","NTN","PADEP","SRBC","WQN0273",2018-11-27,"07:30:00",NA,NA,NA,0,"VH","HVIC","S1","TN","",6.507,"MG/L","L01 ","PADEP","",NA,"","",39.94649,-76.36774,"T3",2018
"WQN0273",459565,"NTN019","NTWQM","NTN","PADEP","SRBC","WQN0273",2018-12-10,"11:00:00",NA,NA,NA,0,"VH","HVIC","S1","TN","",8.31,"MG/L","L01 ","PADEP","QQ",NA,"","",39.94649,-76.36774,"T3",2018
"WQN0273",459566,"NTN019","NTWQM","NTN","PADEP","SRBC","WQN0273",2018-12-26,"09:00:00",NA,NA,NA,0,"VH","HVIC","S1","TN","",7.972,"MG/L","L01 ","PADEP","",NA,"","",39.94649,-76.36774,"T3",2018
"WQN0273",459567,"NTN019","NTWQM","NTN","PADEP","SRBC","WQN0273",2019-01-07,"10:30:00",NA,NA,NA,0,"VH","HVIC","S1","TN","",7.711,"MG/L","L01 ","PADEP","",NA,"","",39.94649,-76.36774,"T3",2019
"WQN0273",459568,"NTN019","NTWQM","NTN","PADEP","SRBC","WQN0273",2019-01-25,"11:00:00",NA,NA,NA,0,"VH","HVIC","S1","TN","",5.112,"MG/L","L01 ","PADEP","",NA,"","",39.94649,-76.36774,"T3",2019
"WQN0273",459569,"NTN019","NTWQM","NTN","PADEP","SRBC","WQN0273",2019-01-29,"09:00:00",NA,NA,NA,0,"VH","HVIC","S1","TN","",8.016,"MG/L","L01 ","PADEP","",NA,"","",39.94649,-76.36774,"T3",2019
"WQN0273",459570,"NTN019","NTWQM","NTN","PADEP","SRBC","WQN0273",2019-02-11,"12:30:00",NA,NA,NA,0,"VH","HVIC","S1","TN","",7.78,"MG/L","L01 ","PADEP","QQ",NA,"","",39.94649,-76.36774,"T3",2019
"WQN0273",459571,"NTN019","NTWQM","NTN","PADEP","SRBC","WQN0273",2019-02-27,"09:30:00",NA,NA,NA,0,"VH","HVIC","S1","TN","",7.434,"MG/L","L01 ","PADEP","QQ",NA,"","",39.94649,-76.36774,"T3",2019
"WQN0273",459572,"NTN019","NTWQM","NTN","PADEP","SRBC","WQN0273",2019-03-07,"11:00:00",NA,NA,NA,0,"VH","HVIC","FS1","TN","",7.523,"MG/L","L01 ","PADEP","",NA,"","",39.94649,-76.36774,"T3",2019
"WQN0273",459573,"NTN019","NTWQM","NTN","PADEP","SRBC","WQN0273",2019-03-22,"10:30:00",NA,NA,NA,0,"VH","HVIC","S1","TN","",4.814,"MG/L","L01 ","PADEP","",NA,"","",39.94649,-76.36774,"T3",2019
"WQN0273",459574,"NTN019","NTWQM","NTN","PADEP","SRBC","WQN0273",2019-03-23,"12:00:00",NA,NA,NA,0,"VH","HVIC","S1","TN","",5.584,"MG/L","L01 ","PADEP","",NA,"","",39.94649,-76.36774,"T3",2019
"WQN0273",459575,"NTN019","NTWQM","NTN","PADEP","SRBC","WQN0273",2019-03-26,"09:00:00",NA,NA,NA,0,"VH","HVIC","S1","TN","",7.335,"MG/L","L01 ","PADEP","",NA,"","",39.94649,-76.36774,"T3",2019
"WQN0273",459576,"NTN019","NTWQM","NTN","PADEP","SRBC","WQN0273",2019-04-08,"10:30:00",NA,NA,NA,0,"VH","HVIC","S1","TN","",7.186,"MG/L","L01 ","PADEP","",NA,"","",39.94649,-76.36774,"T3",2019
"WQN0273",459577,"NTN019","NTWQM","NTN","PADEP","SRBC","WQN0273",2019-04-24,"14:30:00",NA,NA,NA,0,"VH","HVIC","S1","TN","",7.003,"MG/L","L01 ","PADEP","",NA,"","",39.94649,-76.36774,"T3",2019
"WQN0273",459578,"NTN019","NTWQM","NTN","PADEP","SRBC","WQN0273",2019-05-06,"10:30:00",NA,NA,NA,0,"VH","HVIC","S1","TN","",5.838,"MG/L","L01 ","PADEP","",NA,"","",39.94649,-76.36774,"T3",2019
"WQN0273",459579,"NTN019","NTWQM","NTN","PADEP","SRBC","WQN0273",2019-05-28,"08:30:00",NA,NA,NA,0,"VH","HVIC","S1","TN","",7.261,"MG/L","L01 ","PADEP","QQ",NA,"","",39.94649,-76.36774,"T3",2019
"WQN0273",459580,"NTN019","NTWQM","NTN","PADEP","SRBC","WQN0273",2019-06-10,"11:30:00",NA,NA,NA,0,"VH","HVIC","S1","TN","",7.044,"MG/L","L01 ","PADEP","QQ",NA,"","",39.94649,-76.36774,"T3",2019
"WQN0273",459581,"NTN019","NTWQM","NTN","PADEP","SRBC","WQN0273",2019-06-24,"12:00:00",NA,NA,NA,0,"VH","HVIC","S1","TN","",6.541,"MG/L","L01 ","PADEP","",NA,"","",39.94649,-76.36774,"T3",2019
"WQN0273",459582,"NTN019","NTWQM","NTN","PADEP","SRBC","WQN0273",2019-07-12,"11:30:00",NA,NA,NA,0,"VH","HVIC","S1","TN","",6.451,"MG/L","L01 ","PADEP","",NA,"","",39.94649,-76.36774,"T3",2019
"WQN0273",459583,"NTN019","NTWQM","NTN","PADEP","SRBC","WQN0273",2019-07-29,"11:00:00",NA,NA,NA,0,"VH","HVIC","S1","TN","",6.845,"MG/L","L01 ","PADEP","QQ",NA,"","",39.94649,-76.36774,"T3",2019
"WQN0273",459584,"NTN019","NTWQM","NTN","PADEP","SRBC","WQN0273",2019-08-07,"09:00:00",NA,NA,NA,0,"VH","HVIC","S1","TN","",6.066,"MG/L","L01 ","PADEP","",NA,"","",39.94649,-76.36774,"T3",2019
"WQN0273",459585,"NTN019","NTWQM","NTN","PADEP","SRBC","WQN0273",2019-08-28,"17:30:00",NA,NA,NA,0,"VH","HVIC","S1","TN","",6.877,"MG/L","L01 ","PADEP","QQ",NA,"","",39.94649,-76.36774,"T3",2019
"WQN0273",459586,"NTN019","NTWQM","NTN","PADEP","SRBC","WQN0273",2019-09-09,"11:00:00",NA,NA,NA,0,"VH","HVIC","S1","TN","",NA,"MG/L","L01 ","PADEP","NQ",NA,"","6.946",39.94649,-76.36774,"T3",2019
"WQN0273",459587,"NTN019","NTWQM","NTN","PADEP","SRBC","WQN0273",2019-09-25,"11:00:00",NA,NA,NA,0,"VH","HVIC","S1","TN","",7.003,"MG/L","L01 ","PADEP","QQ",NA,"","",39.94649,-76.36774,"T3",2019
"WQN0273",488215,"NTN020","NTWQM","NTN","PADEP","SRBC","WQN0273",2019-10-07,"12:00:00",NA,NA,NA,0,"VH","HVIC","S1","TN","",NA,"MG/L","L01 ","PADEP","NQ",NA,"","6.793",39.94649,-76.36774,"T3",2019
"WQN0273",488216,"NTN020","NTWQM","NTN","PADEP","SRBC","WQN0273",2019-10-17,"10:00:00",NA,NA,NA,0,"VH","HVIC","S1","TN","",6.402,"MG/L","L01 ","PADEP","",NA,"","",39.94649,-76.36774,"T3",2019
"WQN0273",488217,"NTN020","NTWQM","NTN","PADEP","SRBC","WQN0273",2019-10-30,"08:30:00",NA,NA,NA,0,"VH","HVIC","S1","TN","",4.421,"MG/L","L01 ","PADEP","",NA,"","",39.94649,-76.36774,"T3",2019
"WQN0273",488218,"NTN020","NTWQM","NTN","PADEP","SRBC","WQN0273",2019-11-06,"10:30:00",NA,NA,NA,0,"VH","HVIC","S1","TN","",6.533,"MG/L","L01 ","PADEP","",NA,"","",39.94649,-76.36774,"T3",2019
"WQN0273",488219,"NTN020","NTWQM","NTN","PADEP","SRBC","WQN0273",2019-11-24,"14:30:00",NA,NA,NA,0,"VH","HVIC","S1","TN","",6.771,"MG/L","L01 ","PADEP","",NA,"","",39.94649,-76.36774,"T3",2019
"WQN0273",488220,"NTN020","NTWQM","NTN","PADEP","SRBC","WQN0273",2019-12-09,"10:00:00",NA,NA,NA,0,"VH","HVIC","S1","TN","",7.03,"MG/L","L01 ","PADEP","",NA,"","",39.94649,-76.36774,"T3",2019
"WQN0273",488221,"NTN020","NTWQM","NTN","PADEP","SRBC","WQN0273",2019-12-18,"10:30:00",NA,NA,NA,0,"VH","HVIC","S1","TN","",4.35,"MG/L","L01 ","PADEP","",NA,"","",39.94649,-76.36774,"T3",2019
"WQN0273",488222,"NTN020","NTWQM","NTN","PADEP","SRBC","WQN0273",2020-01-06,"11:00:00",NA,NA,NA,0,"VH","HVIC","S1","TN","",6.808,"MG/L","L01 ","PADEP","",NA,"","",39.94649,-76.36774,"T3",2020
"WQN0273",488223,"NTN020","NTWQM","NTN","PADEP","SRBC","WQN0273",2020-01-30,"11:00:00",NA,NA,NA,0,"VH","HVIC","S1","TN","",7.323,"MG/L","L01 ","PADEP","",NA,"","",39.94649,-76.36774,"T3",2020
"WQN0273",488224,"NTN020","NTWQM","NTN","PADEP","SRBC","WQN0273",2020-02-06,"10:30:00",NA,NA,NA,0,"VH","HVIC","FS1","TN","",7.581,"MG/L","L01 ","PADEP","",NA,"","",39.94649,-76.36774,"T3",2020
"WQN0273",488225,"NTN020","NTWQM","NTN","PADEP","SRBC","WQN0273",2020-02-08,"14:00:00",NA,NA,NA,0,"VH","HVIC","S1","TN","",5.767,"MG/L","L01 ","PADEP","",NA,"","",39.94649,-76.36774,"T3",2020
"WQN0273",488226,"NTN020","NTWQM","NTN","PADEP","SRBC","WQN0273",2020-02-25,"08:00:00",NA,NA,NA,0,"VH","HVIC","S1","TN","",7.796,"MG/L","L01 ","PADEP","",NA,"","",39.94649,-76.36774,"T3",2020
"WQN0273",488230,"NTN020","NTWQM","NTN","PADEP","SRBC","WQN0273",2020-05-05,"16:00:00",NA,NA,NA,0,"VH","HVIC","S1","TN","",5.924,"MG/L","L01 ","PADEP","",NA,"","",39.94649,-76.36774,"T3",2020
"WQN0273",488231,"NTN020","NTWQM","NTN","PADEP","SRBC","WQN0273",2020-05-19,"10:30:00",NA,NA,NA,0,"VH","HVIC","S1","TN","",6.695,"MG/L","L01 ","PADEP","",NA,"","",39.94649,-76.36774,"T3",2020
"WQN0273",488232,"NTN020","NTWQM","NTN","PADEP","SRBC","WQN0273",2020-06-15,"10:30:00",NA,NA,NA,0,"VH","HVIC","S1","TN","",6.456,"MG/L","L01 ","PADEP","",NA,"","",39.94649,-76.36774,"T3",2020
"WQN0273",488233,"NTN020","NTWQM","NTN","PADEP","SRBC","WQN0273",2020-06-23,"10:00:00",NA,NA,NA,0,"VH","HVIC","S1","TN","",6.1,"MG/L","L01 ","PADEP","",NA,"","",39.94649,-76.36774,"T3",2020
"WQN0273",488234,"NTN020","NTWQM","NTN","PADEP","SRBC","WQN0273",2020-07-06,"11:00:00",NA,NA,NA,0,"VH","HVIC","S1","TN","",5.633,"MG/L","L01 ","PADEP","",NA,"","",39.94649,-76.36774,"T3",2020
"WQN0273",488235,"NTN020","NTWQM","NTN","PADEP","SRBC","WQN0273",2020-07-27,"10:30:00",NA,NA,NA,0,"VH","HVIC","S1","TN","",5.206,"MG/L","L01 ","PADEP","",NA,"","",39.94649,-76.36774,"T3",2020
"WQN0273",488236,"NTN020","NTWQM","NTN","PADEP","SRBC","WQN0273",2020-08-04,"17:30:00",NA,NA,NA,0,"VH","HVIC","S1","TN","",4.3,"MG/L","L01 ","PADEP","",NA,"","",39.94649,-76.36774,"T3",2020
"WQN0273",488237,"NTN020","NTWQM","NTN","PADEP","SRBC","WQN0273",2020-08-05,"15:30:00",NA,NA,NA,0,"VH","HVIC","S1","TN","",3.22,"MG/L","L01 ","PADEP","",NA,"","",39.94649,-76.36774,"T3",2020
"WQN0273",488238,"NTN020","NTWQM","NTN","PADEP","SRBC","WQN0273",2020-08-10,"16:00:00",NA,NA,NA,0,"VH","HVIC","S1","TN","",5.467,"MG/L","L01 ","PADEP","",NA,"","",39.94649,-76.36774,"T3",2020
"WQN0273",488239,"NTN020","NTWQM","NTN","PADEP","SRBC","WQN0273",2020-08-27,"11:30:00",NA,NA,NA,0,"VH","HVIC","S1","TN","",5.455,"MG/L","L01 ","PADEP","",NA,"","",39.94649,-76.36774,"T3",2020
"WQN0273",488240,"NTN020","NTWQM","NTN","PADEP","SRBC","WQN0273",2020-09-08,"14:30:00",NA,NA,NA,0,"VH","HVIC","S1","TN","",6.472,"MG/L","L01 ","PADEP","",NA,"","",39.94649,-76.36774,"T3",2020
"WQN0273",488241,"NTN020","NTWQM","NTN","PADEP","SRBC","WQN0273",2020-09-29,"10:00:00",NA,NA,NA,0,"VH","HVIC","S1","TN","",7.109,"MG/L","L01 ","PADEP","",NA,"","",39.94649,-76.36774,"T3",2020
"WQN0273",488242,"NTN020","NTWQM","NTN","PADEP","SRBC","WQN0273",2020-09-30,"16:30:00",NA,NA,NA,0,"VH","HVIC","S1","TN","",5.902,"MG/L","L01 ","PADEP","",NA,"","",39.94649,-76.36774,"T3",2020
"WQN0273",611017,"NTN021","NTWQM","NTN","PADEP","SRBC","WQN0273",2020-10-01,"07:30:00",NA,NA,NA,0,"VH","HVIC","S1","TN","",4.497,"MG/L","L01 ","PADEP","",NA,"","",39.94649,-76.36774,"T3",2020
"WQN0273",611018,"NTN021","NTWQM","NTN","PADEP","SRBC","WQN0273",2020-10-06,"11:00:00",NA,NA,NA,0,"VH","HVIC","S1","TN","",6.794,"MG/L","L01 ","PADEP","QQ",NA,"","",39.94649,-76.36774,"T3",2020
"WQN0273",611019,"NTN021","NTWQM","NTN","PADEP","SRBC","WQN0273",2020-10-28,"08:00:00",NA,NA,NA,0,"VH","HVIC","S1","TN","",6.439,"MG/L","L01 ","PADEP","QQ",NA,"","",39.94649,-76.36774,"T3",2020
"WQN0273",611020,"NTN021","NTWQM","NTN","PADEP","SRBC","WQN0273",2020-10-30,"12:00:00",NA,NA,NA,0,"VH","HVIC","S1","TN","",5.719,"MG/L","L01 ","PADEP","",NA,"","",39.94649,-76.36774,"T3",2020
"WQN0273",611021,"NTN021","NTWQM","NTN","PADEP","SRBC","WQN0273",2020-11-09,"13:00:00",NA,NA,NA,0,"VH","HVIC","S1","TN","",6.687,"MG/L","L01 ","PADEP","",NA,"","",39.94649,-76.36774,"T3",2020
"WQN0273",611022,"NTN021","NTWQM","NTN","PADEP","SRBC","WQN0273",2020-11-30,"19:00:00",NA,NA,NA,0,"VH","HVIC","S1","TN","",5.376,"MG/L","L01 ","PADEP","",NA,"","",39.94649,-76.36774,"T3",2020
"WQN0273",611023,"NTN021","NTWQM","NTN","PADEP","SRBC","WQN0273",2020-12-07,"08:00:00",NA,NA,NA,0,"VH","HVIC","S1","TN","",5.01,"MG/L","L01 ","PADEP","",NA,"","",39.94649,-76.36774,"T3",2020
"WQN0273",611024,"NTN021","NTWQM","NTN","PADEP","SRBC","WQN0273",2021-01-10,"18:00:00",NA,NA,NA,0,"VH","HVIC","S1","TN","",7.867,"MG/L","L01 ","PADEP","",NA,"","",39.94649,-76.36774,"T3",2021
"WQN0273",611025,"NTN021","NTWQM","NTN","PADEP","SRBC","WQN0273",2021-01-27,"08:00:00",NA,NA,NA,0,"VH","HVIC","S1","TN","",7.857,"MG/L","L01 ","PADEP","QQ",NA,"","",39.94649,-76.36774,"T3",2021
"WQN0273",611026,"NTN021","NTWQM","NTN","PADEP","SRBC","WQN0273",2021-02-08,"08:00:00",NA,NA,NA,0,"VH","HVIC","S1","TN","",7.436,"MG/L","L01 ","PADEP","",NA,"","",39.94649,-76.36774,"T3",2021
"WQN0273",611027,"NTN021","NTWQM","NTN","PADEP","SRBC","WQN0273",2021-02-22,"09:00:00",NA,NA,NA,0,"VH","HVIC","S1","TN","",6.911,"MG/L","L01 ","PADEP","",NA,"","",39.94649,-76.36774,"T3",2021
"WQN0273",611028,"NTN021","NTWQM","NTN","PADEP","SRBC","WQN0273",2021-03-01,"11:00:00",NA,NA,NA,0,"VH","HVIC","S1","TN","",4.67,"MG/L","L01 ","PADEP","",NA,"","",39.94649,-76.36774,"T3",2021
"WQN0273",611029,"NTN021","NTWQM","NTN","PADEP","SRBC","WQN0273",2021-03-08,"11:00:00",NA,NA,NA,0,"VH","HVIC","S1","TN","",7.299,"MG/L","L01 ","PADEP","",NA,"","",39.94649,-76.36774,"T3",2021
"WQN0273",611030,"NTN021","NTWQM","NTN","PADEP","SRBC","WQN0273",2021-03-25,"19:00:00",NA,NA,NA,0,"VH","HVIC","S1","TN","",4.605,"MG/L","L01 ","PADEP","",NA,"","",39.94649,-76.36774,"T3",2021
"WQN0273",611031,"NTN021","NTWQM","NTN","PADEP","SRBC","WQN0273",2021-03-30,"08:00:00",NA,NA,NA,0,"VH","HVIC","S1","TN","",4.818,"MG/L","L01 ","PADEP","",NA,"","",39.94649,-76.36774,"T3",2021
"WQN0273",611032,"NTN021","NTWQM","NTN","PADEP","SRBC","WQN0273",2021-04-06,"16:00:00",NA,NA,NA,0,"VH","HVIC","S1","TN","",6.233,"MG/L","L01 ","PADEP","",NA,"","",39.94649,-76.36774,"T3",2021
"WQN0273",611033,"NTN021","NTWQM","NTN","PADEP","SRBC","WQN0273",2021-04-29,"08:30:00",NA,NA,NA,0,"VH","HVIC","S1","TN","",6.01,"MG/L","L01 ","PADEP","QQ",NA,"","",39.94649,-76.36774,"T3",2021
"WQN0273",611034,"NTN021","NTWQM","NTN","PADEP","SRBC","WQN0273",2021-05-10,"08:30:00",NA,NA,NA,0,"VH","HVIC","S1","TN","",6.275,"MG/L","L01 ","PADEP","",NA,"","",39.94649,-76.36774,"T3",2021
"WQN0273",611035,"NTN021","NTWQM","NTN","PADEP","SRBC","WQN0273",2021-05-24,"16:30:00",NA,NA,NA,0,"VH","HVIC","S1","TN","",6.032,"MG/L","L01 ","PADEP","",NA,"","",39.94649,-76.36774,"T3",2021
"WQN0273",611036,"NTN021","NTWQM","NTN","PADEP","SRBC","WQN0273",2021-05-29,"12:30:00",NA,NA,NA,0,"VH","HVIC","FS2","TN","",4.807,"MG/L","L01 ","PADEP","",NA,"","",39.94649,-76.36774,"T3",2021
"WQN0273",611037,"NTN021","NTWQM","NTN","PADEP","SRBC","WQN0273",2021-06-07,"08:00:00",NA,NA,NA,0,"VH","HVIC","S1","TN","",5.902,"MG/L","L01 ","PADEP","",NA,"","",39.94649,-76.36774,"T3",2021
"WQN0273",611038,"NTN021","NTWQM","NTN","PADEP","SRBC","WQN0273",2021-06-29,"20:30:00",NA,NA,NA,0,"VH","HVIC","S1","TN","",6.322,"MG/L","L01 ","PADEP","",NA,"","",39.94649,-76.36774,"T3",2021
"WQN0273",611039,"NTN021","NTWQM","NTN","PADEP","SRBC","WQN0273",2021-07-06,"12:30:00",NA,NA,NA,0,"VH","HVIC","S1","TN","",5.208,"MG/L","L01 ","PADEP","",NA,"","",39.94649,-76.36774,"T3",2021
"WQN0273",611040,"NTN021","NTWQM","NTN","PADEP","SRBC","WQN0273",2021-07-27,"09:30:00",NA,NA,NA,0,"VH","HVIC","S1","TN","",5.711,"MG/L","L01 ","PADEP","QQ",NA,"","",39.94649,-76.36774,"T3",2021
"WQN0273",611041,"NTN021","NTWQM","NTN","PADEP","SRBC","WQN0273",2021-08-09,"09:30:00",NA,NA,NA,0,"VH","HVIC","S1","TN","",5.503,"MG/L","L01 ","PADEP","",NA,"","",39.94649,-76.36774,"T3",2021
"WQN0273",611042,"NTN021","NTWQM","NTN","PADEP","SRBC","WQN0273",2021-08-19,"08:00:00",NA,NA,NA,0,"VH","HVIC","S1","TN","",3.13,"MG/L","L01 ","PADEP","",NA,"","",39.94649,-76.36774,"T3",2021
"WQN0273",611043,"NTN021","NTWQM","NTN","PADEP","SRBC","WQN0273",2021-08-20,"07:00:00",NA,NA,NA,0,"VH","HVIC","S1","TN","",3.187,"MG/L","L01 ","PADEP","",NA,"","",39.94649,-76.36774,"T3",2021
"WQN0273",611044,"NTN021","NTWQM","NTN","PADEP","SRBC","WQN0273",2021-08-23,"09:30:00",NA,NA,NA,0,"VH","HVIC","S1","TN","",5.652,"MG/L","L01 ","PADEP","",NA,"","",39.94649,-76.36774,"T3",2021
"WQN0273",611045,"NTN021","NTWQM","NTN","PADEP","SRBC","WQN0273",2021-08-30,"18:30:00",NA,NA,NA,0,"VH","HVIC","S1","TN","",4.877,"MG/L","L01 ","PADEP","",NA,"","",39.94649,-76.36774,"T3",2021
"WQN0273",611046,"NTN021","NTWQM","NTN","PADEP","SRBC","WQN0273",2021-09-02,"07:30:00",NA,NA,NA,0,"VH","HVIC","S1","TN","",3.364,"MG/L","L01 ","PADEP","",NA,"","",39.94649,-76.36774,"T3",2021
"WQN0273",611047,"NTN021","NTWQM","NTN","PADEP","SRBC","WQN0273",2021-09-07,"08:00:00",NA,NA,NA,0,"VH","HVIC","S1","TN","",7.449,"MG/L","L01 ","PADEP","",NA,"","",39.94649,-76.36774,"T3",2021
"WQN0273",611048,"NTN021","NTWQM","NTN","PADEP","SRBC","WQN0273",2021-09-29,"16:00:00",NA,NA,NA,0,"VH","HVIC","S1","TN","",7.477,"MG/L","L01 ","PADEP","QQ",NA,"","",39.94649,-76.36774,"T3",2021
"WQN0273",624073,"NTN022","NTWQM","NTN","PADEP","SRBC","WQN0273",2021-10-11,"07:30:00",NA,NA,NA,0,"VH","HVIC","S1","TN","",7.963,"MG/L","L01 ","PADEP","",NA,"","",39.94649,-76.36774,"T3",2021
"WQN0273",624401,"NTN022","NTWQM","NTN","PADEP","SRBC","WQN0273",2021-10-26,"09:30:00",NA,NA,NA,0,"VH","HVIC","S1","TN","",6.109,"MG/L","L01 ","PADEP","",NA,"","",39.94649,-76.36774,"T3",2021
"WQN0273",624074,"NTN022","NTWQM","NTN","PADEP","SRBC","WQN0273",2021-11-08,"11:00:00",NA,NA,NA,0,"VH","HVIC","S1","TN","",NA,"MG/L","L01 ","PADEP","NQ",NA,"","7.939",39.94649,-76.36774,"T3",2021
"WQN0273",624402,"NTN022","NTWQM","NTN","PADEP","SRBC","WQN0273",2021-11-30,"11:00:00",NA,NA,NA,0,"VH","HVIC","S1","TN","",7.561,"MG/L","L01 ","PADEP","",NA,"","",39.94649,-76.36774,"T3",2021
"WQN0273",624075,"NTN022","NTWQM","NTN","PADEP","SRBC","WQN0273",2021-12-06,"09:30:00",NA,NA,NA,0,"VH","HVIC","S1","TN","",NA,"MG/L","L01 ","PADEP","NQ",NA,"","7.453",39.94649,-76.36774,"T3",2021
"WQN0273",624403,"NTN022","NTWQM","NTN","PADEP","SRBC","WQN0273",2021-12-28,"08:30:00",NA,NA,NA,0,"VH","HVIC","S1","TN","",7.115,"MG/L","L01 ","PADEP","",NA,"","",39.94649,-76.36774,"T3",2021
"WQN0273",624076,"NTN022","NTWQM","NTN","PADEP","SRBC","WQN0273",2022-01-10,"08:30:00",NA,NA,NA,0,"VH","HVIC","S1","TN","",6.979,"MG/L","L01 ","PADEP","",NA,"","",39.94649,-76.36774,"T3",2022
"WQN0273",624404,"NTN022","NTWQM","NTN","PADEP","SRBC","WQN0273",2022-01-31,"15:30:00",NA,NA,NA,0,"VH","HVIC","S1","TN","",7.545,"MG/L","L01 ","PADEP","QQ",NA,"","",39.94649,-76.36774,"T3",2022
"WQN0273",624077,"NTN022","NTWQM","NTN","PADEP","SRBC","WQN0273",2022-02-04,"08:00:00",NA,NA,NA,0,"VH","HVIC","S1","TN","",6.865,"MG/L","L01 ","PADEP","",NA,"","",39.94649,-76.36774,"T3",2022
"WQN0273",624405,"NTN022","NTWQM","NTN","PADEP","SRBC","WQN0273",2022-02-05,"14:30:00",NA,NA,NA,0,"VH","HVIC","S1","TN","",4.448,"MG/L","L01 ","PADEP","",NA,"","",39.94649,-76.36774,"T3",2022
"WQN0273",624078,"NTN022","NTWQM","NTN","PADEP","SRBC","WQN0273",2022-02-07,"15:00:00",NA,NA,NA,0,"VH","HVIC","FS2","TN","",6.411,"MG/L","L01 ","PADEP","",NA,"","",39.94649,-76.36774,"T3",2022
"WQN0273",624079,"NTN022","NTWQM","NTN","PADEP","SRBC","WQN0273",2022-03-02,"10:30:00",NA,NA,NA,0,"VH","HVIC","S1","TN","",NA,"MG/L","L01 ","PADEP","NQ",NA,"","5.963",39.94649,-76.36774,"T3",2022
"WQN0273",624080,"NTN022","NTWQM","NTN","PADEP","SRBC","WQN0273",2022-03-07,"08:00:00",NA,NA,NA,0,"VH","HVIC","S1","TN","",NA,"MG/L","L01 ","PADEP","NQ",NA,"","6.538",39.94649,-76.36774,"T3",2022
"WQN0273",624406,"NTN022","NTWQM","NTN","PADEP","SRBC","WQN0273",2022-03-29,"10:30:00",NA,NA,NA,0,"VH","HVIC","S1","TN","",5.336,"MG/L","L01 ","PADEP","",NA,"","",39.94649,-76.36774,"T3",2022
"WQN0273",624081,"NTN022","NTWQM","NTN","PADEP","SRBC","WQN0273",2022-04-11,"09:00:00",NA,NA,NA,0,"VH","HVIC","S1","TN","",5.048,"MG/L","L01 ","PADEP","",NA,"","",39.94649,-76.36774,"T3",2022
"WQN0273",624082,"NTN022","NTWQM","NTN","PADEP","SRBC","WQN0273",2022-04-19,"19:30:00",NA,NA,NA,0,"VH","HVIC","S1","TN","",5.43,"MG/L","L01 ","PADEP","",NA,"","",39.94649,-76.36774,"T3",2022
"WQN0273",624407,"NTN022","NTWQM","NTN","PADEP","SRBC","WQN0273",2022-04-26,"10:30:00",NA,NA,NA,0,"VH","HVIC","S1","TN","",5.654,"MG/L","L01 ","PADEP","",NA,"","",39.94649,-76.36774,"T3",2022
"WQN0273",624083,"NTN022","NTWQM","NTN","PADEP","SRBC","WQN0273",2022-05-09,"17:00:00",NA,NA,NA,0,"VH","HVIC","S1","TN","",4.886,"MG/L","L01 ","PADEP","",NA,"","",39.94649,-76.36774,"T3",2022
"WQN0273",624408,"NTN022","NTWQM","NTN","PADEP","SRBC","WQN0273",2022-05-25,"09:30:00",NA,NA,NA,0,"VH","HVIC","S1","TN","",5.447,"MG/L","L01 ","PADEP","",NA,"","",39.94649,-76.36774,"T3",2022
"WQN0273",624084,"NTN022","NTWQM","NTN","PADEP","SRBC","WQN0273",2022-06-07,"09:00:00",NA,NA,NA,0,"VH","HVIC","S1","TN","",5.958,"MG/L","L01 ","PADEP","",NA,"","",39.94649,-76.36774,"T3",2022
"WQN0273",624409,"NTN022","NTWQM","NTN","PADEP","SRBC","WQN0273",2022-06-28,"11:30:00",NA,NA,NA,0,"VH","HVIC","S1","TN","",5.534,"MG/L","L01 ","PADEP","",NA,"","",39.94649,-76.36774,"T3",2022
"WQN0273",624085,"NTN022","NTWQM","NTN","PADEP","SRBC","WQN0273",2022-07-06,"12:30:00",NA,NA,NA,0,"VH","HVIC","S1","TN","",4.249,"MG/L","L01 ","PADEP","",NA,"","",39.94649,-76.36774,"T3",2022
"WQN0273",624410,"NTN022","NTWQM","NTN","PADEP","SRBC","WQN0273",2022-07-25,"10:00:00",NA,NA,NA,0,"VH","HVIC","S1","TN","",4.511,"MG/L","L01 ","PADEP","QQ",NA,"","",39.94649,-76.36774,"T3",2022
"WQN0273",624086,"NTN022","NTWQM","NTN","PADEP","SRBC","WQN0273",2022-08-08,"10:00:00",NA,NA,NA,0,"VH","HVIC","S1","TN","",4.928,"MG/L","L01 ","PADEP","",NA,"","",39.94649,-76.36774,"T3",2022
"WQN0273",624087,"NTN022","NTWQM","NTN","PADEP","SRBC","WQN0273",2022-08-22,"21:00:00",NA,NA,NA,0,"VH","HVIC","S1","TN","",5.569,"MG/L","L01 ","PADEP","",NA,"","",39.94649,-76.36774,"T3",2022
"WQN0273",624411,"NTN022","NTWQM","NTN","PADEP","SRBC","WQN0273",2022-08-23,"21:30:00",NA,NA,NA,0,"VH","HVIC","S1","TN","",4.351,"MG/L","L01 ","PADEP","",NA,"","",39.94649,-76.36774,"T3",2022
"WQN0273",624412,"NTN022","NTWQM","NTN","PADEP","SRBC","WQN0273",2022-08-30,"12:00:00",NA,NA,NA,0,"VH","HVIC","S1","TN","",4.969,"MG/L","L01 ","PADEP","",NA,"","",39.94649,-76.36774,"T3",2022
"WQN0273",624088,"NTN022","NTWQM","NTN","PADEP","SRBC","WQN0273",2022-09-06,"17:30:00",NA,NA,NA,0,"VH","HVIC","S1","TN","",NA,"MG/L","L01 ","PADEP","NQ",NA,"","3.98",39.94649,-76.36774,"T3",2022
"WQN0273",624089,"NTN022","NTWQM","NTN","PADEP","SRBC","WQN0273",2022-09-12,"09:00:00",NA,NA,NA,0,"VH","HVIC","S1","TN","",4.247,"MG/L","L01 ","PADEP","",NA,"","",39.94649,-76.36774,"T3",2022
"WQN0273",624413,"NTN022","NTWQM","NTN","PADEP","SRBC","WQN0273",2022-09-27,"21:00:00",NA,NA,NA,0,"VH","HVIC","S1","TN","",5.337,"MG/L","L01 ","PADEP","",NA,"","",39.94649,-76.36774,"T3",2022
"WQN0273",650911,"NTN023","NTWQM","NTN","PADEP","SRBC","WQN0273",2022-10-05,"18:30:00",0,NA,NA,0,"VH","HVIC","S1","TN","",3.708,"MG/L","L01 ","PADEP","",NA,"","nan",39.94649,-76.36774,"T3",2022
"WQN0273",650912,"NTN023","NTWQM","NTN","PADEP","SRBC","WQN0273",2022-10-27,"13:30:00",0,NA,NA,0,"VH","HVIC","S1","TN","",4.34,"MG/L","L01 ","PADEP","",NA,"","nan",39.94649,-76.36774,"T3",2022
"WQN0273",650913,"NTN023","NTWQM","NTN","PADEP","SRBC","WQN0273",2022-11-09,"08:30:00",0,NA,NA,0,"VH","HVIC","S1","TN","",4.709,"MG/L","L01 ","PADEP","",NA,"","nan",39.94649,-76.36774,"T3",2022
"WQN0273",650914,"NTN023","NTWQM","NTN","PADEP","SRBC","WQN0273",2022-11-30,"18:30:00",0,NA,NA,0,"VH","HVIC","S1","TN","",5.552,"MG/L","L01 ","PADEP","",NA,"","nan",39.94649,-76.36774,"T3",2022
"WQN0273",650915,"NTN023","NTWQM","NTN","PADEP","SRBC","WQN0273",2022-12-12,"08:30:00",0,NA,NA,0,"VH","HVIC","S1","TN","",5.372,"MG/L","L01 ","PADEP","",NA,"","nan",39.94649,-76.36774,"T3",2022
"WQN0273",650916,"NTN023","NTWQM","NTN","PADEP","SRBC","WQN0273",2022-12-27,"18:00:00",0,NA,NA,0,"VH","HVIC","S1","TN","",7.102,"MG/L","L01 ","PADEP","",NA,"","nan",39.94649,-76.36774,"T3",2022
